"","year","cat","role_to","role_from","count","year_cat_count"
"1",1900,"Chemistry","Committee","Governing",695,695
"2",1900,"Literature","Committee","Governing",65,65
"3",1900,"Medicine","Committee","Governing",18,18
"4",1900,"Physics","Committee","Governing",695,695
"5",1901,"Chemistry","Committee","Governing",740,1135
"6",1901,"Chemistry","Laureate","Governing",148,1135
"7",1901,"Chemistry","Laureate","Nominee",7,1135
"8",1901,"Chemistry","Nominator","Committee",100,1135
"9",1901,"Chemistry","Nominee","Nominator",140,1135
"10",1901,"Literature","Committee","Governing",65,2413
"11",1901,"Literature","Laureate","Governing",13,2413
"12",1901,"Literature","Laureate","Nominee",25,2413
"13",1901,"Literature","Nominator","Committee",385,2413
"14",1901,"Literature","Nominee","Nominator",1925,2413
"15",1901,"Medicine","Committee","Governing",20,5214
"16",1901,"Medicine","Laureate","Governing",20,5214
"17",1901,"Medicine","Laureate","Nominee",44,5214
"18",1901,"Medicine","Nominator","Committee",114,5214
"19",1901,"Medicine","Nominee","Nominator",5016,5214
"20",1901,"Peace","Laureate","Nominee",72,3680
"21",1901,"Peace","Nominator","Committee",440,3680
"22",1901,"Peace","Nominee","Nominator",3168,3680
"23",1901,"Physics","Committee","Governing",740,1410
"24",1901,"Physics","Laureate","Governing",148,1410
"25",1901,"Physics","Laureate","Nominee",12,1410
"26",1901,"Physics","Nominator","Committee",150,1410
"27",1901,"Physics","Nominee","Nominator",360,1410
"28",1902,"Chemistry","Committee","Governing",765,1338
"29",1902,"Chemistry","Laureate","Governing",153,1338
"30",1902,"Chemistry","Laureate","Nominee",12,1338
"31",1902,"Chemistry","Nominator","Committee",120,1338
"32",1902,"Chemistry","Nominee","Nominator",288,1338
"33",1902,"Literature","Committee","Governing",65,1945
"34",1902,"Literature","Laureate","Governing",13,1945
"35",1902,"Literature","Laureate","Nominee",34,1945
"36",1902,"Literature","Nominator","Committee",235,1945
"37",1902,"Literature","Nominee","Nominator",1598,1945
"38",1902,"Medicine","Committee","Governing",21,2989
"39",1902,"Medicine","Laureate","Governing",21,2989
"40",1902,"Medicine","Laureate","Nominee",43,2989
"41",1902,"Medicine","Nominator","Committee",66,2989
"42",1902,"Medicine","Nominee","Nominator",2838,2989
"43",1902,"Peace","Laureate","Nominee",54,3254
"44",1902,"Peace","Nominator","Committee",500,3254
"45",1902,"Peace","Nominee","Nominator",2700,3254
"46",1902,"Physics","Committee","Governing",765,1670
"47",1902,"Physics","Laureate","Governing",306,1670
"48",1902,"Physics","Laureate","Nominee",32,1670
"49",1902,"Physics","Nominator","Committee",135,1670
"50",1902,"Physics","Nominee","Nominator",432,1670
"51",1903,"Chemistry","Committee","Governing",760,1171
"52",1903,"Chemistry","Laureate","Governing",152,1171
"53",1903,"Chemistry","Laureate","Nominee",6,1171
"54",1903,"Chemistry","Nominator","Committee",115,1171
"55",1903,"Chemistry","Nominee","Nominator",138,1171
"56",1903,"Literature","Committee","Governing",91,2143
"57",1903,"Literature","Laureate","Governing",13,2143
"58",1903,"Literature","Laureate","Nominee",24,2143
"59",1903,"Literature","Nominator","Committee",455,2143
"60",1903,"Literature","Nominee","Nominator",1560,2143
"61",1903,"Medicine","Committee","Governing",22,1899
"62",1903,"Medicine","Laureate","Governing",22,1899
"63",1903,"Medicine","Laureate","Nominee",31,1899
"64",1903,"Medicine","Nominator","Committee",57,1899
"65",1903,"Medicine","Nominee","Nominator",1767,1899
"66",1903,"Peace","Committee","Governing",585,2977
"67",1903,"Peace","Laureate","Governing",117,2977
"68",1903,"Peace","Laureate","Nominee",25,2977
"69",1903,"Peace","Nominator","Committee",375,2977
"70",1903,"Peace","Nominee","Nominator",1875,2977
"71",1903,"Physics","Committee","Governing",760,1999
"72",1903,"Physics","Laureate","Governing",456,1999
"73",1903,"Physics","Laureate","Nominee",48,1999
"74",1903,"Physics","Nominator","Committee",175,1999
"75",1903,"Physics","Nominee","Nominator",560,1999
"76",1904,"Chemistry","Committee","Governing",895,1399
"77",1904,"Chemistry","Laureate","Governing",179,1399
"78",1904,"Chemistry","Laureate","Nominee",5,1399
"79",1904,"Chemistry","Nominator","Committee",160,1399
"80",1904,"Chemistry","Nominee","Nominator",160,1399
"81",1904,"Literature","Committee","Governing",65,861
"82",1904,"Literature","Laureate","Governing",26,861
"83",1904,"Literature","Laureate","Nominee",42,861
"84",1904,"Literature","Nominator","Committee",140,861
"85",1904,"Literature","Nominee","Nominator",588,861
"86",1904,"Medicine","Committee","Governing",66,4159
"87",1904,"Medicine","Laureate","Governing",22,4159
"88",1904,"Medicine","Laureate","Nominee",39,4159
"89",1904,"Medicine","Nominator","Committee",288,4159
"90",1904,"Medicine","Nominee","Nominator",3744,4159
"91",1904,"Peace","Committee","Governing",590,2404
"92",1904,"Peace","Laureate","Governing",118,2404
"93",1904,"Peace","Laureate","Nominee",22,2404
"94",1904,"Peace","Nominator","Committee",310,2404
"95",1904,"Peace","Nominee","Nominator",1364,2404
"96",1904,"Physics","Committee","Governing",895,1641
"97",1904,"Physics","Laureate","Governing",179,1641
"98",1904,"Physics","Laureate","Nominee",21,1641
"99",1904,"Physics","Nominator","Committee",105,1641
"100",1904,"Physics","Nominee","Nominator",441,1641
"101",1905,"Chemistry","Committee","Governing",1038,1751
"102",1905,"Chemistry","Laureate","Governing",173,1751
"103",1905,"Chemistry","Laureate","Nominee",8,1751
"104",1905,"Chemistry","Nominator","Committee",228,1751
"105",1905,"Chemistry","Nominee","Nominator",304,1751
"106",1905,"Literature","Committee","Governing",65,793
"107",1905,"Literature","Laureate","Governing",13,793
"108",1905,"Literature","Laureate","Nominee",15,793
"109",1905,"Literature","Nominator","Committee",175,793
"110",1905,"Literature","Nominee","Nominator",525,793
"111",1905,"Medicine","Committee","Governing",66,3517
"112",1905,"Medicine","Laureate","Governing",22,3517
"113",1905,"Medicine","Laureate","Nominee",30,3517
"114",1905,"Medicine","Nominator","Committee",309,3517
"115",1905,"Medicine","Nominee","Nominator",3090,3517
"116",1905,"Peace","Committee","Governing",590,2791
"117",1905,"Peace","Laureate","Governing",118,2791
"118",1905,"Peace","Laureate","Nominee",24,2791
"119",1905,"Peace","Nominator","Committee",355,2791
"120",1905,"Peace","Nominee","Nominator",1704,2791
"121",1905,"Physics","Committee","Governing",865,1593
"122",1905,"Physics","Laureate","Governing",173,1593
"123",1905,"Physics","Laureate","Nominee",15,1593
"124",1905,"Physics","Nominator","Committee",135,1593
"125",1905,"Physics","Nominee","Nominator",405,1593
"126",1906,"Chemistry","Committee","Governing",900,1295
"127",1906,"Chemistry","Laureate","Governing",180,1295
"128",1906,"Chemistry","Laureate","Nominee",6,1295
"129",1906,"Chemistry","Nominator","Committee",95,1295
"130",1906,"Chemistry","Nominee","Nominator",114,1295
"131",1906,"Literature","Committee","Governing",65,1639
"132",1906,"Literature","Laureate","Governing",13,1639
"133",1906,"Literature","Laureate","Nominee",24,1639
"134",1906,"Literature","Nominator","Committee",265,1639
"135",1906,"Literature","Nominee","Nominator",1272,1639
"136",1906,"Medicine","Committee","Governing",57,3492
"137",1906,"Medicine","Laureate","Governing",38,3492
"138",1906,"Medicine","Laureate","Nominee",76,3492
"139",1906,"Medicine","Nominator","Committee",243,3492
"140",1906,"Medicine","Nominee","Nominator",3078,3492
"141",1906,"Peace","Committee","Governing",1205,4161
"142",1906,"Peace","Laureate","Governing",241,4161
"143",1906,"Peace","Laureate","Nominee",29,4161
"144",1906,"Peace","Nominator","Committee",395,4161
"145",1906,"Peace","Nominee","Nominator",2291,4161
"146",1906,"Physics","Committee","Governing",900,1341
"147",1906,"Physics","Laureate","Governing",180,1341
"148",1906,"Physics","Laureate","Nominee",9,1341
"149",1906,"Physics","Nominator","Committee",90,1341
"150",1906,"Physics","Nominee","Nominator",162,1341
"151",1907,"Chemistry","Committee","Governing",940,1933
"152",1907,"Chemistry","Laureate","Governing",188,1933
"153",1907,"Chemistry","Laureate","Nominee",22,1933
"154",1907,"Chemistry","Nominator","Committee",145,1933
"155",1907,"Chemistry","Nominee","Nominator",638,1933
"156",1907,"Literature","Committee","Governing",78,1084
"157",1907,"Literature","Laureate","Governing",13,1084
"158",1907,"Literature","Laureate","Nominee",21,1084
"159",1907,"Literature","Nominator","Committee",216,1084
"160",1907,"Literature","Nominee","Nominator",756,1084
"161",1907,"Medicine","Committee","Governing",57,2954
"162",1907,"Medicine","Laureate","Governing",19,2954
"163",1907,"Medicine","Laureate","Nominee",40,2954
"164",1907,"Medicine","Nominator","Committee",198,2954
"165",1907,"Medicine","Nominee","Nominator",2640,2954
"166",1907,"Peace","Committee","Governing",620,2883
"167",1907,"Peace","Laureate","Governing",248,2883
"168",1907,"Peace","Laureate","Nominee",44,2883
"169",1907,"Peace","Nominator","Committee",365,2883
"170",1907,"Peace","Nominee","Nominator",1606,2883
"171",1907,"Physics","Committee","Governing",940,1813
"172",1907,"Physics","Laureate","Governing",188,1813
"173",1907,"Physics","Laureate","Nominee",18,1813
"174",1907,"Physics","Nominator","Committee",145,1813
"175",1907,"Physics","Nominee","Nominator",522,1813
"176",1908,"Chemistry","Committee","Governing",1000,1965
"177",1908,"Chemistry","Laureate","Governing",200,1965
"178",1908,"Chemistry","Laureate","Nominee",17,1965
"179",1908,"Chemistry","Nominator","Committee",170,1965
"180",1908,"Chemistry","Nominee","Nominator",578,1965
"181",1908,"Literature","Committee","Governing",65,661
"182",1908,"Literature","Laureate","Governing",13,661
"183",1908,"Literature","Laureate","Nominee",16,661
"184",1908,"Literature","Nominator","Committee",135,661
"185",1908,"Literature","Nominee","Nominator",432,661
"186",1908,"Medicine","Committee","Governing",76,3792
"187",1908,"Medicine","Laureate","Governing",38,3792
"188",1908,"Medicine","Laureate","Nominee",68,3792
"189",1908,"Medicine","Nominator","Committee",380,3792
"190",1908,"Medicine","Nominee","Nominator",3230,3792
"191",1908,"Peace","Committee","Governing",620,3374
"192",1908,"Peace","Laureate","Governing",248,3374
"193",1908,"Peace","Laureate","Nominee",64,3374
"194",1908,"Peace","Nominator","Committee",330,3374
"195",1908,"Peace","Nominee","Nominator",2112,3374
"196",1908,"Physics","Committee","Governing",1000,1645
"197",1908,"Physics","Laureate","Governing",200,1645
"198",1908,"Physics","Laureate","Nominee",13,1645
"199",1908,"Physics","Nominator","Committee",120,1645
"200",1908,"Physics","Nominee","Nominator",312,1645
"201",1909,"Chemistry","Committee","Governing",990,1799
"202",1909,"Chemistry","Laureate","Governing",198,1799
"203",1909,"Chemistry","Laureate","Nominee",17,1799
"204",1909,"Chemistry","Nominator","Committee",135,1799
"205",1909,"Chemistry","Nominee","Nominator",459,1799
"206",1909,"Literature","Committee","Governing",65,1295
"207",1909,"Literature","Laureate","Governing",13,1295
"208",1909,"Literature","Laureate","Nominee",21,1295
"209",1909,"Literature","Nominator","Committee",230,1295
"210",1909,"Literature","Nominee","Nominator",966,1295
"211",1909,"Medicine","Committee","Governing",80,4446
"212",1909,"Medicine","Laureate","Governing",20,4446
"213",1909,"Medicine","Laureate","Nominee",46,4446
"214",1909,"Medicine","Nominator","Committee",344,4446
"215",1909,"Medicine","Nominee","Nominator",3956,4446
"216",1909,"Peace","Committee","Governing",615,2184
"217",1909,"Peace","Laureate","Governing",246,2184
"218",1909,"Peace","Laureate","Nominee",52,2184
"219",1909,"Peace","Nominator","Committee",205,2184
"220",1909,"Peace","Nominee","Nominator",1066,2184
"221",1909,"Physics","Committee","Governing",990,2468
"222",1909,"Physics","Laureate","Governing",396,2468
"223",1909,"Physics","Laureate","Nominee",42,2468
"224",1909,"Physics","Nominator","Committee",200,2468
"225",1909,"Physics","Nominee","Nominator",840,2468
"226",1910,"Chemistry","Committee","Governing",1035,1743
"227",1910,"Chemistry","Laureate","Governing",207,1743
"228",1910,"Chemistry","Laureate","Nominee",17,1743
"229",1910,"Chemistry","Nominator","Committee",110,1743
"230",1910,"Chemistry","Nominee","Nominator",374,1743
"231",1910,"Literature","Committee","Governing",65,913
"232",1910,"Literature","Laureate","Governing",13,913
"233",1910,"Literature","Laureate","Nominee",25,913
"234",1910,"Literature","Nominator","Committee",135,913
"235",1910,"Literature","Nominee","Nominator",675,913
"236",1910,"Medicine","Committee","Governing",92,7559
"237",1910,"Medicine","Laureate","Governing",23,7559
"238",1910,"Medicine","Laureate","Nominee",52,7559
"239",1910,"Medicine","Nominator","Committee",528,7559
"240",1910,"Medicine","Nominee","Nominator",6864,7559
"241",1910,"Peace","Committee","Governing",615,2875
"242",1910,"Peace","Laureate","Governing",123,2875
"243",1910,"Peace","Laureate","Nominee",29,2875
"244",1910,"Peace","Nominator","Committee",310,2875
"245",1910,"Peace","Nominee","Nominator",1798,2875
"246",1910,"Physics","Committee","Governing",1035,2535
"247",1910,"Physics","Laureate","Governing",207,2535
"248",1910,"Physics","Laureate","Nominee",17,2535
"249",1910,"Physics","Nominator","Committee",290,2535
"250",1910,"Physics","Nominee","Nominator",986,2535
"251",1911,"Chemistry","Committee","Governing",1025,1625
"252",1911,"Chemistry","Laureate","Governing",205,1625
"253",1911,"Chemistry","Laureate","Nominee",15,1625
"254",1911,"Chemistry","Nominator","Committee",95,1625
"255",1911,"Chemistry","Nominee","Nominator",285,1625
"256",1911,"Literature","Committee","Governing",65,1034
"257",1911,"Literature","Laureate","Governing",13,1034
"258",1911,"Literature","Laureate","Nominee",26,1034
"259",1911,"Literature","Nominator","Committee",150,1034
"260",1911,"Literature","Nominee","Nominator",780,1034
"261",1911,"Medicine","Committee","Governing",138,3680
"262",1911,"Medicine","Laureate","Governing",23,3680
"263",1911,"Medicine","Laureate","Nominee",41,3680
"264",1911,"Medicine","Nominator","Committee",444,3680
"265",1911,"Medicine","Nominee","Nominator",3034,3680
"266",1911,"Peace","Committee","Governing",615,2918
"267",1911,"Peace","Laureate","Governing",246,2918
"268",1911,"Peace","Laureate","Nominee",68,2918
"269",1911,"Peace","Nominator","Committee",255,2918
"270",1911,"Peace","Nominee","Nominator",1734,2918
"271",1911,"Physics","Committee","Governing",1025,1841
"272",1911,"Physics","Laureate","Governing",205,1841
"273",1911,"Physics","Laureate","Nominee",17,1841
"274",1911,"Physics","Nominator","Committee",135,1841
"275",1911,"Physics","Nominee","Nominator",459,1841
"276",1912,"Chemistry","Committee","Governing",1020,2078
"277",1912,"Chemistry","Laureate","Governing",408,2078
"278",1912,"Chemistry","Laureate","Nominee",30,2078
"279",1912,"Chemistry","Nominator","Committee",155,2078
"280",1912,"Chemistry","Nominee","Nominator",465,2078
"281",1912,"Literature","Committee","Governing",65,1657
"282",1912,"Literature","Laureate","Governing",13,1657
"283",1912,"Literature","Laureate","Nominee",31,1657
"284",1912,"Literature","Nominator","Committee",215,1657
"285",1912,"Literature","Nominee","Nominator",1333,1657
"286",1912,"Medicine","Committee","Governing",144,6298
"287",1912,"Medicine","Laureate","Governing",24,6298
"288",1912,"Medicine","Laureate","Nominee",53,6298
"289",1912,"Medicine","Nominator","Committee",618,6298
"290",1912,"Medicine","Nominee","Nominator",5459,6298
"291",1912,"Peace","Committee","Governing",620,2979
"292",1912,"Peace","Laureate","Governing",124,2979
"293",1912,"Peace","Laureate","Nominee",35,2979
"294",1912,"Peace","Nominator","Committee",275,2979
"295",1912,"Peace","Nominee","Nominator",1925,2979
"296",1912,"Physics","Committee","Governing",1020,1857
"297",1912,"Physics","Laureate","Governing",204,1857
"298",1912,"Physics","Laureate","Nominee",17,1857
"299",1912,"Physics","Nominator","Committee",140,1857
"300",1912,"Physics","Nominee","Nominator",476,1857
"301",1913,"Chemistry","Committee","Governing",1040,1979
"302",1913,"Chemistry","Laureate","Governing",208,1979
"303",1913,"Chemistry","Laureate","Nominee",18,1979
"304",1913,"Chemistry","Nominator","Committee",155,1979
"305",1913,"Chemistry","Nominee","Nominator",558,1979
"306",1913,"Literature","Committee","Governing",78,1139
"307",1913,"Literature","Laureate","Governing",13,1139
"308",1913,"Literature","Laureate","Nominee",28,1139
"309",1913,"Literature","Nominator","Committee",180,1139
"310",1913,"Literature","Nominee","Nominator",840,1139
"311",1913,"Medicine","Committee","Governing",150,8779
"312",1913,"Medicine","Laureate","Governing",25,8779
"313",1913,"Medicine","Laureate","Nominee",64,8779
"314",1913,"Medicine","Nominator","Committee",732,8779
"315",1913,"Medicine","Nominee","Nominator",7808,8779
"316",1913,"Peace","Committee","Governing",620,3760
"317",1913,"Peace","Laureate","Governing",124,3760
"318",1913,"Peace","Laureate","Nominee",52,3760
"319",1913,"Peace","Nominator","Committee",260,3760
"320",1913,"Peace","Nominee","Nominator",2704,3760
"321",1913,"Physics","Committee","Governing",1040,2413
"322",1913,"Physics","Laureate","Governing",208,2413
"323",1913,"Physics","Laureate","Nominee",25,2413
"324",1913,"Physics","Nominator","Committee",190,2413
"325",1913,"Physics","Nominee","Nominator",950,2413
"326",1914,"Chemistry","Committee","Governing",1080,1784
"327",1914,"Chemistry","Laureate","Governing",216,1784
"328",1914,"Chemistry","Laureate","Nominee",12,1784
"329",1914,"Chemistry","Nominator","Committee",140,1784
"330",1914,"Chemistry","Nominee","Nominator",336,1784
"331",1914,"Literature","Committee","Governing",65,848
"332",1914,"Literature","Nominator","Committee",135,848
"333",1914,"Literature","Nominee","Nominator",648,848
"334",1914,"Medicine","Committee","Governing",208,9598
"335",1914,"Medicine","Laureate","Governing",26,9598
"336",1914,"Medicine","Laureate","Nominee",63,9598
"337",1914,"Medicine","Nominator","Committee",1048,9598
"338",1914,"Medicine","Nominee","Nominator",8253,9598
"339",1914,"Peace","Committee","Governing",615,2595
"340",1914,"Peace","Nominator","Committee",275,2595
"341",1914,"Peace","Nominee","Nominator",1705,2595
"342",1914,"Physics","Committee","Governing",1080,2355
"343",1914,"Physics","Laureate","Governing",216,2355
"344",1914,"Physics","Laureate","Nominee",23,2355
"345",1914,"Physics","Nominator","Committee",185,2355
"346",1914,"Physics","Nominee","Nominator",851,2355
"347",1915,"Chemistry","Committee","Governing",1040,1933
"348",1915,"Chemistry","Laureate","Governing",208,1933
"349",1915,"Chemistry","Laureate","Nominee",18,1933
"350",1915,"Chemistry","Nominator","Committee",145,1933
"351",1915,"Chemistry","Nominee","Nominator",522,1933
"352",1915,"Literature","Committee","Governing",65,532
"353",1915,"Literature","Laureate","Governing",13,532
"354",1915,"Literature","Laureate","Nominee",22,532
"355",1915,"Literature","Nominator","Committee",80,532
"356",1915,"Literature","Nominee","Nominator",352,532
"357",1915,"Medicine","Committee","Governing",192,1940
"358",1915,"Medicine","Nominator","Committee",368,1940
"359",1915,"Medicine","Nominee","Nominator",1380,1940
"360",1915,"Peace","Committee","Governing",615,3810
"361",1915,"Peace","Nominator","Committee",355,3810
"362",1915,"Peace","Nominee","Nominator",2840,3810
"363",1915,"Physics","Committee","Governing",1040,1896
"364",1915,"Physics","Laureate","Governing",416,1896
"365",1915,"Physics","Laureate","Nominee",40,1896
"366",1915,"Physics","Nominator","Committee",80,1896
"367",1915,"Physics","Nominee","Nominator",320,1896
"368",1916,"Chemistry","Committee","Governing",1045,1612
"369",1916,"Chemistry","Nominator","Committee",135,1612
"370",1916,"Chemistry","Nominee","Nominator",432,1612
"371",1916,"Literature","Committee","Governing",65,1294
"372",1916,"Literature","Laureate","Governing",13,1294
"373",1916,"Literature","Laureate","Nominee",28,1294
"374",1916,"Literature","Nominator","Committee",180,1294
"375",1916,"Literature","Nominee","Nominator",1008,1294
"376",1916,"Medicine","Committee","Governing",184,1899
"377",1916,"Medicine","Nominator","Committee",392,1899
"378",1916,"Medicine","Nominee","Nominator",1323,1899
"379",1916,"Peace","Committee","Governing",615,1275
"380",1916,"Peace","Nominator","Committee",110,1275
"381",1916,"Peace","Nominee","Nominator",550,1275
"382",1916,"Physics","Committee","Governing",1045,2025
"383",1916,"Physics","Nominator","Committee",140,2025
"384",1916,"Physics","Nominee","Nominator",840,2025
"385",1917,"Chemistry","Committee","Governing",1060,1332
"386",1917,"Chemistry","Nominator","Committee",85,1332
"387",1917,"Chemistry","Nominee","Nominator",187,1332
"388",1917,"Literature","Committee","Governing",65,806
"389",1917,"Literature","Laureate","Governing",26,806
"390",1917,"Literature","Laureate","Nominee",40,806
"391",1917,"Literature","Nominator","Committee",135,806
"392",1917,"Literature","Nominee","Nominator",540,806
"393",1917,"Medicine","Committee","Governing",154,2296
"394",1917,"Medicine","Nominator","Committee",357,2296
"395",1917,"Medicine","Nominee","Nominator",1785,2296
"396",1917,"Peace","Committee","Governing",615,1258
"397",1917,"Peace","Laureate","Governing",123,1258
"398",1917,"Peace","Laureate","Nominee",20,1258
"399",1917,"Peace","Nominator","Committee",100,1258
"400",1917,"Peace","Nominee","Nominator",400,1258
"401",1917,"Physics","Committee","Governing",1060,2247
"402",1917,"Physics","Laureate","Governing",212,2247
"403",1917,"Physics","Laureate","Nominee",23,2247
"404",1917,"Physics","Nominator","Committee",170,2247
"405",1917,"Physics","Nominee","Nominator",782,2247
"406",1918,"Chemistry","Committee","Governing",1030,1399
"407",1918,"Chemistry","Laureate","Governing",206,1399
"408",1918,"Chemistry","Laureate","Nominee",9,1399
"409",1918,"Chemistry","Nominator","Committee",55,1399
"410",1918,"Chemistry","Nominee","Nominator",99,1399
"411",1918,"Literature","Committee","Governing",65,461
"412",1918,"Literature","Nominator","Committee",90,461
"413",1918,"Literature","Nominee","Nominator",306,461
"414",1918,"Medicine","Committee","Governing",132,1332
"415",1918,"Medicine","Nominator","Committee",240,1332
"416",1918,"Medicine","Nominee","Nominator",960,1332
"417",1918,"Peace","Committee","Governing",615,1236
"418",1918,"Peace","Nominator","Committee",115,1236
"419",1918,"Peace","Nominee","Nominator",506,1236
"420",1918,"Physics","Committee","Governing",1030,2043
"421",1918,"Physics","Laureate","Governing",206,2043
"422",1918,"Physics","Laureate","Nominee",24,2043
"423",1918,"Physics","Nominator","Committee",135,2043
"424",1918,"Physics","Nominee","Nominator",648,2043
"425",1919,"Chemistry","Committee","Governing",1055,1429
"426",1919,"Chemistry","Nominator","Committee",110,1429
"427",1919,"Chemistry","Nominee","Nominator",264,1429
"428",1919,"Literature","Committee","Governing",65,345
"429",1919,"Literature","Laureate","Governing",13,345
"430",1919,"Literature","Laureate","Nominee",11,345
"431",1919,"Literature","Nominator","Committee",80,345
"432",1919,"Literature","Nominee","Nominator",176,345
"433",1919,"Medicine","Committee","Governing",138,3639
"434",1919,"Medicine","Laureate","Governing",23,3639
"435",1919,"Medicine","Laureate","Nominee",46,3639
"436",1919,"Medicine","Nominator","Committee",396,3639
"437",1919,"Medicine","Nominee","Nominator",3036,3639
"438",1919,"Peace","Committee","Governing",630,1237
"439",1919,"Peace","Laureate","Governing",126,1237
"440",1919,"Peace","Laureate","Nominee",13,1237
"441",1919,"Peace","Nominator","Committee",130,1237
"442",1919,"Peace","Nominee","Nominator",338,1237
"443",1919,"Physics","Committee","Governing",1055,1951
"444",1919,"Physics","Laureate","Governing",211,1951
"445",1919,"Physics","Laureate","Nominee",18,1951
"446",1919,"Physics","Nominator","Committee",145,1951
"447",1919,"Physics","Nominee","Nominator",522,1951
"448",1920,"Chemistry","Committee","Governing",1060,1963
"449",1920,"Chemistry","Laureate","Governing",212,1963
"450",1920,"Chemistry","Laureate","Nominee",19,1963
"451",1920,"Chemistry","Nominator","Committee",140,1963
"452",1920,"Chemistry","Nominee","Nominator",532,1963
"453",1920,"Literature","Committee","Governing",65,703
"454",1920,"Literature","Laureate","Governing",13,703
"455",1920,"Literature","Laureate","Nominee",16,703
"456",1920,"Literature","Nominator","Committee",145,703
"457",1920,"Literature","Nominee","Nominator",464,703
"458",1920,"Medicine","Committee","Governing",144,4898
"459",1920,"Medicine","Laureate","Governing",24,4898
"460",1920,"Medicine","Laureate","Nominee",58,4898
"461",1920,"Medicine","Nominator","Committee",438,4898
"462",1920,"Medicine","Nominee","Nominator",4234,4898
"463",1920,"Peace","Committee","Governing",635,1645
"464",1920,"Peace","Laureate","Governing",127,1645
"465",1920,"Peace","Laureate","Nominee",19,1645
"466",1920,"Peace","Nominator","Committee",180,1645
"467",1920,"Peace","Nominee","Nominator",684,1645
"468",1920,"Physics","Committee","Governing",1060,1934
"469",1920,"Physics","Laureate","Governing",212,1934
"470",1920,"Physics","Laureate","Nominee",18,1934
"471",1920,"Physics","Nominator","Committee",140,1934
"472",1920,"Physics","Nominee","Nominator",504,1934
"473",1921,"Chemistry","Committee","Governing",1060,2301
"474",1921,"Chemistry","Laureate","Governing",212,2301
"475",1921,"Chemistry","Laureate","Nominee",17,2301
"476",1921,"Chemistry","Nominator","Committee",230,2301
"477",1921,"Chemistry","Nominee","Nominator",782,2301
"478",1921,"Literature","Committee","Governing",65,625
"479",1921,"Literature","Laureate","Governing",13,625
"480",1921,"Literature","Laureate","Nominee",18,625
"481",1921,"Literature","Nominator","Committee",115,625
"482",1921,"Literature","Nominee","Nominator",414,625
"483",1921,"Medicine","Committee","Governing",150,4658
"484",1921,"Medicine","Nominator","Committee",552,4658
"485",1921,"Medicine","Nominee","Nominator",3956,4658
"486",1921,"Peace","Committee","Governing",635,1202
"487",1921,"Peace","Laureate","Governing",254,1202
"488",1921,"Peace","Laureate","Nominee",24,1202
"489",1921,"Peace","Nominator","Committee",85,1202
"490",1921,"Peace","Nominee","Nominator",204,1202
"491",1921,"Physics","Committee","Governing",1060,1971
"492",1921,"Physics","Laureate","Governing",212,1971
"493",1921,"Physics","Laureate","Nominee",17,1971
"494",1921,"Physics","Nominator","Committee",155,1971
"495",1921,"Physics","Nominee","Nominator",527,1971
"496",1922,"Chemistry","Committee","Governing",1060,2151
"497",1922,"Chemistry","Laureate","Governing",212,2151
"498",1922,"Chemistry","Laureate","Nominee",21,2151
"499",1922,"Chemistry","Nominator","Committee",165,2151
"500",1922,"Chemistry","Nominee","Nominator",693,2151
"501",1922,"Literature","Committee","Governing",52,685
"502",1922,"Literature","Laureate","Governing",13,685
"503",1922,"Literature","Laureate","Nominee",22,685
"504",1922,"Literature","Nominator","Committee",92,685
"505",1922,"Literature","Nominee","Nominator",506,685
"506",1922,"Medicine","Committee","Governing",154,2616
"507",1922,"Medicine","Laureate","Governing",44,2616
"508",1922,"Medicine","Laureate","Nominee",62,2616
"509",1922,"Medicine","Nominator","Committee",434,2616
"510",1922,"Medicine","Nominee","Nominator",1922,2616
"511",1922,"Peace","Committee","Governing",750,2486
"512",1922,"Peace","Laureate","Governing",150,2486
"513",1922,"Peace","Laureate","Nominee",32,2486
"514",1922,"Peace","Nominator","Committee",210,2486
"515",1922,"Peace","Nominee","Nominator",1344,2486
"516",1922,"Physics","Committee","Governing",1060,2555
"517",1922,"Physics","Laureate","Governing",212,2555
"518",1922,"Physics","Laureate","Nominee",23,2555
"519",1922,"Physics","Nominator","Committee",225,2555
"520",1922,"Physics","Nominee","Nominator",1035,2555
"521",1923,"Chemistry","Committee","Governing",1040,1566
"522",1923,"Chemistry","Laureate","Governing",208,1566
"523",1923,"Chemistry","Laureate","Nominee",14,1566
"524",1923,"Chemistry","Nominator","Committee",80,1566
"525",1923,"Chemistry","Nominee","Nominator",224,1566
"526",1923,"Literature","Committee","Governing",52,1069
"527",1923,"Literature","Laureate","Governing",13,1069
"528",1923,"Literature","Laureate","Nominee",20,1069
"529",1923,"Literature","Nominator","Committee",164,1069
"530",1923,"Literature","Nominee","Nominator",820,1069
"531",1923,"Medicine","Committee","Governing",161,8193
"532",1923,"Medicine","Laureate","Governing",46,8193
"533",1923,"Medicine","Laureate","Nominee",114,8193
"534",1923,"Medicine","Nominator","Committee",861,8193
"535",1923,"Medicine","Nominee","Nominator",7011,8193
"536",1923,"Peace","Committee","Governing",750,4270
"537",1923,"Peace","Nominator","Committee",440,4270
"538",1923,"Peace","Nominee","Nominator",3080,4270
"539",1923,"Physics","Committee","Governing",1040,1566
"540",1923,"Physics","Laureate","Governing",208,1566
"541",1923,"Physics","Laureate","Nominee",14,1566
"542",1923,"Physics","Nominator","Committee",80,1566
"543",1923,"Physics","Nominee","Nominator",224,1566
"544",1924,"Chemistry","Committee","Governing",1070,2085
"545",1924,"Chemistry","Nominator","Committee",175,2085
"546",1924,"Chemistry","Nominee","Nominator",840,2085
"547",1924,"Literature","Committee","Governing",52,611
"548",1924,"Literature","Laureate","Governing",13,611
"549",1924,"Literature","Laureate","Nominee",18,611
"550",1924,"Literature","Nominator","Committee",96,611
"551",1924,"Literature","Nominee","Nominator",432,611
"552",1924,"Medicine","Committee","Governing",175,4486
"553",1924,"Medicine","Laureate","Governing",25,4486
"554",1924,"Medicine","Laureate","Nominee",46,4486
"555",1924,"Medicine","Nominator","Committee",560,4486
"556",1924,"Medicine","Nominee","Nominator",3680,4486
"557",1924,"Peace","Committee","Governing",900,3194
"558",1924,"Peace","Nominator","Committee",372,3194
"559",1924,"Peace","Nominee","Nominator",1922,3194
"560",1924,"Physics","Committee","Governing",1070,2203
"561",1924,"Physics","Laureate","Governing",214,2203
"562",1924,"Physics","Laureate","Nominee",23,2203
"563",1924,"Physics","Nominator","Committee",160,2203
"564",1924,"Physics","Nominee","Nominator",736,2203
"565",1925,"Chemistry","Committee","Governing",1080,1837
"566",1925,"Chemistry","Laureate","Governing",216,1837
"567",1925,"Chemistry","Laureate","Nominee",16,1837
"568",1925,"Chemistry","Nominator","Committee",125,1837
"569",1925,"Chemistry","Nominee","Nominator",400,1837
"570",1925,"Literature","Committee","Governing",52,686
"571",1925,"Literature","Laureate","Governing",13,686
"572",1925,"Literature","Laureate","Nominee",21,686
"573",1925,"Literature","Nominator","Committee",96,686
"574",1925,"Literature","Nominee","Nominator",504,686
"575",1925,"Medicine","Committee","Governing",175,10614
"576",1925,"Medicine","Nominator","Committee",1001,10614
"577",1925,"Medicine","Nominee","Nominator",9438,10614
"578",1925,"Peace","Committee","Governing",750,3312
"579",1925,"Peace","Laureate","Governing",300,3312
"580",1925,"Peace","Laureate","Nominee",54,3312
"581",1925,"Peace","Nominator","Committee",345,3312
"582",1925,"Peace","Nominee","Nominator",1863,3312
"583",1925,"Physics","Committee","Governing",1080,2492
"584",1925,"Physics","Laureate","Governing",432,2492
"585",1925,"Physics","Laureate","Nominee",50,2492
"586",1925,"Physics","Nominator","Committee",155,2492
"587",1925,"Physics","Nominee","Nominator",775,2492
"588",1926,"Chemistry","Committee","Governing",1050,2167
"589",1926,"Chemistry","Laureate","Governing",210,2167
"590",1926,"Chemistry","Laureate","Nominee",19,2167
"591",1926,"Chemistry","Nominator","Committee",185,2167
"592",1926,"Chemistry","Nominee","Nominator",703,2167
"593",1926,"Literature","Committee","Governing",52,1315
"594",1926,"Literature","Laureate","Governing",13,1315
"595",1926,"Literature","Laureate","Nominee",29,1315
"596",1926,"Literature","Nominator","Committee",148,1315
"597",1926,"Literature","Nominee","Nominator",1073,1315
"598",1926,"Medicine","Committee","Governing",168,5436
"599",1926,"Medicine","Laureate","Governing",24,5436
"600",1926,"Medicine","Laureate","Nominee",52,5436
"601",1926,"Medicine","Nominator","Committee",616,5436
"602",1926,"Medicine","Nominee","Nominator",4576,5436
"603",1926,"Peace","Committee","Governing",755,3327
"604",1926,"Peace","Laureate","Governing",302,3327
"605",1926,"Peace","Laureate","Nominee",66,3327
"606",1926,"Peace","Nominator","Committee",290,3327
"607",1926,"Peace","Nominee","Nominator",1914,3327
"608",1926,"Physics","Committee","Governing",1050,2330
"609",1926,"Physics","Laureate","Governing",210,2330
"610",1926,"Physics","Laureate","Nominee",20,2330
"611",1926,"Physics","Nominator","Committee",210,2330
"612",1926,"Physics","Nominee","Nominator",840,2330
"613",1927,"Chemistry","Committee","Governing",1050,2125
"614",1927,"Chemistry","Laureate","Governing",210,2125
"615",1927,"Chemistry","Laureate","Nominee",24,2125
"616",1927,"Chemistry","Nominator","Committee",145,2125
"617",1927,"Chemistry","Nominee","Nominator",696,2125
"618",1927,"Literature","Committee","Governing",52,898
"619",1927,"Literature","Laureate","Governing",13,898
"620",1927,"Literature","Laureate","Nominee",23,898
"621",1927,"Literature","Nominator","Committee",120,898
"622",1927,"Literature","Nominee","Nominator",690,898
"623",1927,"Medicine","Committee","Governing",150,4775
"624",1927,"Medicine","Laureate","Governing",25,4775
"625",1927,"Medicine","Laureate","Nominee",43,4775
"626",1927,"Medicine","Nominator","Committee",558,4775
"627",1927,"Medicine","Nominee","Nominator",3999,4775
"628",1927,"Peace","Committee","Governing",755,2132
"629",1927,"Peace","Laureate","Governing",302,2132
"630",1927,"Peace","Laureate","Nominee",52,2132
"631",1927,"Peace","Nominator","Committee",165,2132
"632",1927,"Peace","Nominee","Nominator",858,2132
"633",1927,"Physics","Committee","Governing",1050,2335
"634",1927,"Physics","Laureate","Governing",420,2335
"635",1927,"Physics","Laureate","Nominee",40,2335
"636",1927,"Physics","Nominator","Committee",165,2335
"637",1927,"Physics","Nominee","Nominator",660,2335
"638",1928,"Chemistry","Committee","Governing",1070,2319
"639",1928,"Chemistry","Laureate","Governing",214,2319
"640",1928,"Chemistry","Laureate","Nominee",21,2319
"641",1928,"Chemistry","Nominator","Committee",195,2319
"642",1928,"Chemistry","Nominee","Nominator",819,2319
"643",1928,"Literature","Committee","Governing",52,1781
"644",1928,"Literature","Laureate","Governing",13,1781
"645",1928,"Literature","Laureate","Nominee",36,1781
"646",1928,"Literature","Nominator","Committee",168,1781
"647",1928,"Literature","Nominee","Nominator",1512,1781
"648",1928,"Medicine","Committee","Governing",150,9409
"649",1928,"Medicine","Laureate","Governing",25,9409
"650",1928,"Medicine","Laureate","Nominee",64,9409
"651",1928,"Medicine","Nominator","Committee",786,9409
"652",1928,"Medicine","Nominee","Nominator",8384,9409
"653",1928,"Peace","Committee","Governing",750,2113
"654",1928,"Peace","Nominator","Committee",235,2113
"655",1928,"Peace","Nominee","Nominator",1128,2113
"656",1928,"Physics","Committee","Governing",1070,2170
"657",1928,"Physics","Laureate","Governing",214,2170
"658",1928,"Physics","Laureate","Nominee",22,2170
"659",1928,"Physics","Nominator","Committee",160,2170
"660",1928,"Physics","Nominee","Nominator",704,2170
"661",1929,"Chemistry","Committee","Governing",1055,4302
"662",1929,"Chemistry","Laureate","Governing",422,4302
"663",1929,"Chemistry","Laureate","Nominee",80,4302
"664",1929,"Chemistry","Nominator","Committee",305,4302
"665",1929,"Chemistry","Nominee","Nominator",2440,4302
"666",1929,"Literature","Committee","Governing",65,885
"667",1929,"Literature","Laureate","Governing",13,885
"668",1929,"Literature","Laureate","Nominee",24,885
"669",1929,"Literature","Nominator","Committee",135,885
"670",1929,"Literature","Nominee","Nominator",648,885
"671",1929,"Medicine","Committee","Governing",150,7501
"672",1929,"Medicine","Laureate","Governing",50,7501
"673",1929,"Medicine","Laureate","Nominee",130,7501
"674",1929,"Medicine","Nominator","Committee",606,7501
"675",1929,"Medicine","Nominee","Nominator",6565,7501
"676",1929,"Peace","Committee","Governing",755,4157
"677",1929,"Peace","Laureate","Governing",151,4157
"678",1929,"Peace","Laureate","Nominee",32,4157
"679",1929,"Peace","Nominator","Committee",435,4157
"680",1929,"Peace","Nominee","Nominator",2784,4157
"681",1929,"Physics","Committee","Governing",1055,2893
"682",1929,"Physics","Laureate","Governing",211,2893
"683",1929,"Physics","Laureate","Nominee",29,2893
"684",1929,"Physics","Nominator","Committee",235,2893
"685",1929,"Physics","Nominee","Nominator",1363,2893
"686",1930,"Chemistry","Committee","Governing",1055,1951
"687",1930,"Chemistry","Laureate","Governing",211,1951
"688",1930,"Chemistry","Laureate","Nominee",18,1951
"689",1930,"Chemistry","Nominator","Committee",145,1951
"690",1930,"Chemistry","Nominee","Nominator",522,1951
"691",1930,"Literature","Committee","Governing",65,1718
"692",1930,"Literature","Laureate","Governing",13,1718
"693",1930,"Literature","Laureate","Nominee",30,1718
"694",1930,"Literature","Nominator","Committee",230,1718
"695",1930,"Literature","Nominee","Nominator",1380,1718
"696",1930,"Medicine","Committee","Governing",150,8569
"697",1930,"Medicine","Laureate","Governing",25,8569
"698",1930,"Medicine","Laureate","Nominee",69,8569
"699",1930,"Medicine","Nominator","Committee",666,8569
"700",1930,"Medicine","Nominee","Nominator",7659,8569
"701",1930,"Peace","Committee","Governing",750,3975
"702",1930,"Peace","Laureate","Governing",150,3975
"703",1930,"Peace","Laureate","Nominee",39,3975
"704",1930,"Peace","Nominator","Committee",345,3975
"705",1930,"Peace","Nominee","Nominator",2691,3975
"706",1930,"Physics","Committee","Governing",1055,2275
"707",1930,"Physics","Laureate","Governing",211,2275
"708",1930,"Physics","Laureate","Nominee",21,2275
"709",1930,"Physics","Nominator","Committee",190,2275
"710",1930,"Physics","Nominee","Nominator",798,2275
"711",1931,"Chemistry","Committee","Governing",1075,2935
"712",1931,"Chemistry","Laureate","Governing",430,2935
"713",1931,"Chemistry","Laureate","Nominee",54,2935
"714",1931,"Chemistry","Nominator","Committee",215,2935
"715",1931,"Chemistry","Nominee","Nominator",1161,2935
"716",1931,"Literature","Committee","Governing",65,1909
"717",1931,"Literature","Laureate","Governing",13,1909
"718",1931,"Literature","Laureate","Nominee",29,1909
"719",1931,"Literature","Nominator","Committee",265,1909
"720",1931,"Literature","Nominee","Nominator",1537,1909
"721",1931,"Medicine","Committee","Governing",140,10431
"722",1931,"Medicine","Laureate","Governing",28,10431
"723",1931,"Medicine","Laureate","Nominee",63,10431
"724",1931,"Medicine","Nominator","Committee",750,10431
"725",1931,"Medicine","Nominee","Nominator",9450,10431
"726",1931,"Peace","Committee","Governing",750,4617
"727",1931,"Peace","Laureate","Governing",300,4617
"728",1931,"Peace","Laureate","Nominee",88,4617
"729",1931,"Peace","Nominator","Committee",355,4617
"730",1931,"Peace","Nominee","Nominator",3124,4617
"731",1931,"Physics","Committee","Governing",1075,1725
"732",1931,"Physics","Nominator","Committee",125,1725
"733",1931,"Physics","Nominee","Nominator",525,1725
"734",1932,"Chemistry","Committee","Governing",1070,2319
"735",1932,"Chemistry","Laureate","Governing",214,2319
"736",1932,"Chemistry","Laureate","Nominee",21,2319
"737",1932,"Chemistry","Nominator","Committee",195,2319
"738",1932,"Chemistry","Nominee","Nominator",819,2319
"739",1932,"Literature","Committee","Governing",65,1801
"740",1932,"Literature","Laureate","Governing",13,1801
"741",1932,"Literature","Laureate","Nominee",31,1801
"742",1932,"Literature","Nominator","Committee",235,1801
"743",1932,"Literature","Nominee","Nominator",1457,1801
"744",1932,"Medicine","Committee","Governing",132,8340
"745",1932,"Medicine","Laureate","Governing",44,8340
"746",1932,"Medicine","Laureate","Nominee",134,8340
"747",1932,"Medicine","Nominator","Committee",660,8340
"748",1932,"Medicine","Nominee","Nominator",7370,8340
"749",1932,"Peace","Committee","Governing",745,4364
"750",1932,"Peace","Nominator","Committee",385,4364
"751",1932,"Peace","Nominee","Nominator",3234,4364
"752",1932,"Physics","Committee","Governing",1070,2239
"753",1932,"Physics","Laureate","Governing",214,2239
"754",1932,"Physics","Laureate","Nominee",19,2239
"755",1932,"Physics","Nominator","Committee",195,2239
"756",1932,"Physics","Nominee","Nominator",741,2239
"757",1933,"Chemistry","Committee","Governing",1055,2309
"758",1933,"Chemistry","Nominator","Committee",190,2309
"759",1933,"Chemistry","Nominee","Nominator",1064,2309
"760",1933,"Literature","Committee","Governing",65,1569
"761",1933,"Literature","Laureate","Governing",13,1569
"762",1933,"Literature","Laureate","Nominee",29,1569
"763",1933,"Literature","Nominator","Committee",215,1569
"764",1933,"Literature","Nominee","Nominator",1247,1569
"765",1933,"Medicine","Committee","Governing",126,3645
"766",1933,"Medicine","Laureate","Governing",21,3645
"767",1933,"Medicine","Laureate","Nominee",42,3645
"768",1933,"Medicine","Nominator","Committee",432,3645
"769",1933,"Medicine","Nominee","Nominator",3024,3645
"770",1933,"Peace","Committee","Governing",745,6349
"771",1933,"Peace","Laureate","Governing",149,6349
"772",1933,"Peace","Laureate","Nominee",55,6349
"773",1933,"Peace","Nominator","Committee",450,6349
"774",1933,"Peace","Nominee","Nominator",4950,6349
"775",1933,"Physics","Committee","Governing",1055,2830
"776",1933,"Physics","Laureate","Governing",422,2830
"777",1933,"Physics","Laureate","Nominee",48,2830
"778",1933,"Physics","Nominator","Committee",225,2830
"779",1933,"Physics","Nominee","Nominator",1080,2830
"780",1934,"Chemistry","Committee","Governing",1065,2790
"781",1934,"Chemistry","Laureate","Governing",213,2790
"782",1934,"Chemistry","Laureate","Nominee",32,2790
"783",1934,"Chemistry","Nominator","Committee",200,2790
"784",1934,"Chemistry","Nominee","Nominator",1280,2790
"785",1934,"Literature","Committee","Governing",65,1701
"786",1934,"Literature","Laureate","Governing",13,1701
"787",1934,"Literature","Laureate","Nominee",32,1701
"788",1934,"Literature","Nominator","Committee",215,1701
"789",1934,"Literature","Nominee","Nominator",1376,1701
"790",1934,"Medicine","Committee","Governing",126,16407
"791",1934,"Medicine","Laureate","Governing",63,16407
"792",1934,"Medicine","Laureate","Nominee",228,16407
"793",1934,"Medicine","Nominator","Committee",1170,16407
"794",1934,"Medicine","Nominee","Nominator",14820,16407
"795",1934,"Peace","Committee","Governing",750,6835
"796",1934,"Peace","Laureate","Governing",150,6835
"797",1934,"Peace","Laureate","Nominee",50,6835
"798",1934,"Peace","Nominator","Committee",535,6835
"799",1934,"Peace","Nominee","Nominator",5350,6835
"800",1934,"Physics","Committee","Governing",1065,2484
"801",1934,"Physics","Nominator","Committee",215,2484
"802",1934,"Physics","Nominee","Nominator",1204,2484
"803",1935,"Chemistry","Committee","Governing",1050,3105
"804",1935,"Chemistry","Laureate","Governing",210,3105
"805",1935,"Chemistry","Laureate","Nominee",32,3105
"806",1935,"Chemistry","Nominator","Committee",245,3105
"807",1935,"Chemistry","Nominee","Nominator",1568,3105
"808",1935,"Literature","Committee","Governing",65,2129
"809",1935,"Literature","Nominator","Committee",240,2129
"810",1935,"Literature","Nominee","Nominator",1824,2129
"811",1935,"Medicine","Committee","Governing",126,9774
"812",1935,"Medicine","Laureate","Governing",21,9774
"813",1935,"Medicine","Laureate","Nominee",51,9774
"814",1935,"Medicine","Nominator","Committee",1008,9774
"815",1935,"Medicine","Nominee","Nominator",8568,9774
"816",1935,"Peace","Committee","Governing",750,5668
"817",1935,"Peace","Laureate","Governing",150,5668
"818",1935,"Peace","Laureate","Nominee",38,5668
"819",1935,"Peace","Nominator","Committee",550,5668
"820",1935,"Peace","Nominee","Nominator",4180,5668
"821",1935,"Physics","Committee","Governing",1050,2425
"822",1935,"Physics","Laureate","Governing",210,2425
"823",1935,"Physics","Laureate","Nominee",25,2425
"824",1935,"Physics","Nominator","Committee",190,2425
"825",1935,"Physics","Nominee","Nominator",950,2425
"826",1936,"Chemistry","Committee","Governing",1045,2933
"827",1936,"Chemistry","Laureate","Governing",418,2933
"828",1936,"Chemistry","Laureate","Nominee",64,2933
"829",1936,"Chemistry","Nominator","Committee",190,2933
"830",1936,"Chemistry","Nominee","Nominator",1216,2933
"831",1936,"Literature","Committee","Governing",65,1545
"832",1936,"Literature","Laureate","Governing",13,1545
"833",1936,"Literature","Laureate","Nominee",27,1545
"834",1936,"Literature","Nominator","Committee",225,1545
"835",1936,"Literature","Nominee","Nominator",1215,1545
"836",1936,"Medicine","Committee","Governing",144,10466
"837",1936,"Medicine","Laureate","Governing",48,10466
"838",1936,"Medicine","Laureate","Nominee",136,10466
"839",1936,"Medicine","Nominator","Committee",822,10466
"840",1936,"Medicine","Nominee","Nominator",9316,10466
"841",1936,"Peace","Committee","Governing",750,10738
"842",1936,"Peace","Laureate","Governing",150,10738
"843",1936,"Peace","Laureate","Nominee",46,10738
"844",1936,"Peace","Nominator","Committee",960,10738
"845",1936,"Peace","Nominee","Nominator",8832,10738
"846",1936,"Physics","Committee","Governing",1045,2221
"847",1936,"Physics","Laureate","Governing",418,2221
"848",1936,"Physics","Laureate","Nominee",38,2221
"849",1936,"Physics","Nominator","Committee",150,2221
"850",1936,"Physics","Nominee","Nominator",570,2221
"851",1937,"Chemistry","Committee","Governing",1060,2690
"852",1937,"Chemistry","Laureate","Governing",424,2690
"853",1937,"Chemistry","Laureate","Nominee",54,2690
"854",1937,"Chemistry","Nominator","Committee",180,2690
"855",1937,"Chemistry","Nominee","Nominator",972,2690
"856",1937,"Literature","Committee","Governing",78,2622
"857",1937,"Literature","Laureate","Governing",13,2622
"858",1937,"Literature","Laureate","Nominee",37,2622
"859",1937,"Literature","Nominator","Committee",348,2622
"860",1937,"Literature","Nominee","Nominator",2146,2622
"861",1937,"Medicine","Committee","Governing",138,14675
"862",1937,"Medicine","Laureate","Governing",23,14675
"863",1937,"Medicine","Laureate","Nominee",82,14675
"864",1937,"Medicine","Nominator","Committee",984,14675
"865",1937,"Medicine","Nominee","Nominator",13448,14675
"866",1937,"Peace","Committee","Governing",600,3694
"867",1937,"Peace","Laureate","Governing",150,3694
"868",1937,"Peace","Laureate","Nominee",40,3694
"869",1937,"Peace","Nominator","Committee",264,3694
"870",1937,"Peace","Nominee","Nominator",2640,3694
"871",1937,"Physics","Committee","Governing",1060,2944
"872",1937,"Physics","Laureate","Governing",424,2944
"873",1937,"Physics","Laureate","Nominee",60,2944
"874",1937,"Physics","Nominator","Committee",200,2944
"875",1937,"Physics","Nominee","Nominator",1200,2944
"876",1938,"Chemistry","Committee","Governing",1075,1609
"877",1938,"Chemistry","Laureate","Governing",215,1609
"878",1938,"Chemistry","Laureate","Nominee",13,1609
"879",1938,"Chemistry","Nominator","Committee",85,1609
"880",1938,"Chemistry","Nominee","Nominator",221,1609
"881",1938,"Literature","Committee","Governing",78,1695
"882",1938,"Literature","Laureate","Governing",13,1695
"883",1938,"Literature","Laureate","Nominee",29,1695
"884",1938,"Literature","Nominator","Committee",270,1695
"885",1938,"Literature","Nominee","Nominator",1305,1695
"886",1938,"Medicine","Committee","Governing",198,6473
"887",1938,"Medicine","Laureate","Governing",22,6473
"888",1938,"Medicine","Laureate","Nominee",53,6473
"889",1938,"Medicine","Nominator","Committee",900,6473
"890",1938,"Medicine","Nominee","Nominator",5300,6473
"891",1938,"Peace","Committee","Governing",1050,5287
"892",1938,"Peace","Laureate","Governing",150,5287
"893",1938,"Peace","Laureate","Nominee",39,5287
"894",1938,"Peace","Nominator","Committee",616,5287
"895",1938,"Peace","Nominee","Nominator",3432,5287
"896",1938,"Physics","Committee","Governing",1075,1676
"897",1938,"Physics","Laureate","Governing",215,1676
"898",1938,"Physics","Laureate","Nominee",12,1676
"899",1938,"Physics","Nominator","Committee",110,1676
"900",1938,"Physics","Nominee","Nominator",264,1676
"901",1939,"Chemistry","Committee","Governing",1115,2496
"902",1939,"Chemistry","Laureate","Governing",446,2496
"903",1939,"Chemistry","Laureate","Nominee",44,2496
"904",1939,"Chemistry","Nominator","Committee",165,2496
"905",1939,"Chemistry","Nominee","Nominator",726,2496
"906",1939,"Literature","Committee","Governing",78,1645
"907",1939,"Literature","Laureate","Governing",13,1645
"908",1939,"Literature","Laureate","Nominee",33,1645
"909",1939,"Literature","Nominator","Committee",234,1645
"910",1939,"Literature","Nominee","Nominator",1287,1645
"911",1939,"Medicine","Committee","Governing",175,6557
"912",1939,"Medicine","Laureate","Governing",25,6557
"913",1939,"Medicine","Laureate","Nominee",67,6557
"914",1939,"Medicine","Nominator","Committee",595,6557
"915",1939,"Medicine","Nominee","Nominator",5695,6557
"916",1939,"Peace","Committee","Governing",900,2610
"917",1939,"Peace","Nominator","Committee",342,2610
"918",1939,"Peace","Nominee","Nominator",1368,2610
"919",1939,"Physics","Committee","Governing",1115,2386
"920",1939,"Physics","Laureate","Governing",223,2386
"921",1939,"Physics","Laureate","Nominee",22,2386
"922",1939,"Physics","Nominator","Committee",190,2386
"923",1939,"Physics","Nominee","Nominator",836,2386
"924",1940,"Chemistry","Committee","Governing",1105,1819
"925",1940,"Chemistry","Nominator","Committee",170,1819
"926",1940,"Chemistry","Nominee","Nominator",544,1819
"927",1940,"Literature","Committee","Governing",78,728
"928",1940,"Literature","Nominator","Committee",156,728
"929",1940,"Literature","Nominee","Nominator",494,728
"930",1940,"Medicine","Committee","Governing",196,2450
"931",1940,"Medicine","Nominator","Committee",343,2450
"932",1940,"Medicine","Nominee","Nominator",1911,2450
"933",1940,"Peace","Committee","Governing",900,900
"934",1940,"Physics","Committee","Governing",1105,1880
"935",1940,"Physics","Nominator","Committee",155,1880
"936",1940,"Physics","Nominee","Nominator",620,1880
"937",1941,"Chemistry","Committee","Governing",860,1366
"938",1941,"Chemistry","Nominator","Committee",92,1366
"939",1941,"Chemistry","Nominee","Nominator",414,1366
"940",1941,"Literature","Committee","Governing",65,445
"941",1941,"Literature","Nominator","Committee",95,445
"942",1941,"Literature","Nominee","Nominator",285,445
"943",1941,"Medicine","Committee","Governing",180,2130
"944",1941,"Medicine","Nominator","Committee",300,2130
"945",1941,"Medicine","Nominee","Nominator",1650,2130
"946",1941,"Peace","Committee","Governing",750,798
"947",1941,"Peace","Nominator","Committee",30,798
"948",1941,"Peace","Nominee","Nominator",18,798
"949",1941,"Physics","Committee","Governing",1075,1360
"950",1941,"Physics","Nominator","Committee",75,1360
"951",1941,"Physics","Nominee","Nominator",210,1360
"952",1942,"Chemistry","Committee","Governing",1085,1760
"953",1942,"Chemistry","Nominator","Committee",135,1760
"954",1942,"Chemistry","Nominee","Nominator",540,1760
"955",1942,"Literature","Committee","Governing",78,672
"956",1942,"Literature","Nominator","Committee",162,672
"957",1942,"Literature","Nominee","Nominator",432,672
"958",1942,"Medicine","Committee","Governing",224,1260
"959",1942,"Medicine","Nominator","Committee",196,1260
"960",1942,"Medicine","Nominee","Nominator",840,1260
"961",1942,"Peace","Committee","Governing",750,750
"962",1942,"Physics","Committee","Governing",1085,1425
"963",1942,"Physics","Nominator","Committee",100,1425
"964",1942,"Physics","Nominee","Nominator",240,1425
"965",1943,"Chemistry","Committee","Governing",904,1432
"966",1943,"Chemistry","Laureate","Governing",226,1432
"967",1943,"Chemistry","Laureate","Nominee",13,1432
"968",1943,"Chemistry","Nominator","Committee",68,1432
"969",1943,"Chemistry","Nominee","Nominator",221,1432
"970",1943,"Literature","Committee","Governing",78,546
"971",1943,"Literature","Nominator","Committee",108,546
"972",1943,"Literature","Nominee","Nominator",360,546
"973",1943,"Medicine","Committee","Governing",180,1243
"974",1943,"Medicine","Laureate","Governing",60,1243
"975",1943,"Medicine","Laureate","Nominee",58,1243
"976",1943,"Medicine","Nominator","Committee",162,1243
"977",1943,"Medicine","Nominee","Nominator",783,1243
"978",1943,"Peace","Committee","Governing",750,750
"979",1943,"Physics","Committee","Governing",1130,1771
"980",1943,"Physics","Laureate","Governing",226,1771
"981",1943,"Physics","Laureate","Nominee",16,1771
"982",1943,"Physics","Nominator","Committee",95,1771
"983",1943,"Physics","Nominee","Nominator",304,1771
"984",1944,"Chemistry","Committee","Governing",1125,2430
"985",1944,"Chemistry","Laureate","Governing",225,2430
"986",1944,"Chemistry","Laureate","Nominee",26,2430
"987",1944,"Chemistry","Nominator","Committee",170,2430
"988",1944,"Chemistry","Nominee","Nominator",884,2430
"989",1944,"Literature","Committee","Governing",78,706
"990",1944,"Literature","Laureate","Governing",13,706
"991",1944,"Literature","Laureate","Nominee",21,706
"992",1944,"Literature","Nominator","Committee",132,706
"993",1944,"Literature","Nominee","Nominator",462,706
"994",1944,"Medicine","Committee","Governing",217,758
"995",1944,"Medicine","Laureate","Governing",62,758
"996",1944,"Medicine","Laureate","Nominee",44,758
"997",1944,"Medicine","Nominator","Committee",105,758
"998",1944,"Medicine","Nominee","Nominator",330,758
"999",1944,"Peace","Committee","Governing",750,900
"1000",1944,"Peace","Laureate","Governing",150,900
"1001",1944,"Physics","Committee","Governing",1125,1753
"1002",1944,"Physics","Laureate","Governing",225,1753
"1003",1944,"Physics","Laureate","Nominee",19,1753
"1004",1944,"Physics","Nominator","Committee",80,1753
"1005",1944,"Physics","Nominee","Nominator",304,1753
"1006",1945,"Chemistry","Committee","Governing",1155,1837
"1007",1945,"Chemistry","Laureate","Governing",231,1837
"1008",1945,"Chemistry","Laureate","Nominee",14,1837
"1009",1945,"Chemistry","Nominator","Committee",115,1837
"1010",1945,"Chemistry","Nominee","Nominator",322,1837
"1011",1945,"Literature","Committee","Governing",78,613
"1012",1945,"Literature","Laureate","Governing",13,613
"1013",1945,"Literature","Laureate","Nominee",18,613
"1014",1945,"Literature","Nominator","Committee",126,613
"1015",1945,"Literature","Nominee","Nominator",378,613
"1016",1945,"Medicine","Committee","Governing",231,1029
"1017",1945,"Medicine","Laureate","Governing",99,1029
"1018",1945,"Medicine","Laureate","Nominee",39,1029
"1019",1945,"Medicine","Nominator","Committee",231,1029
"1020",1945,"Medicine","Nominee","Nominator",429,1029
"1021",1945,"Peace","Committee","Governing",1530,1943
"1022",1945,"Peace","Laureate","Governing",306,1943
"1023",1945,"Peace","Laureate","Nominee",11,1943
"1024",1945,"Peace","Nominator","Committee",30,1943
"1025",1945,"Peace","Nominee","Nominator",66,1943
"1026",1945,"Physics","Committee","Governing",1155,1881
"1027",1945,"Physics","Laureate","Governing",231,1881
"1028",1945,"Physics","Laureate","Nominee",20,1881
"1029",1945,"Physics","Nominator","Committee",95,1881
"1030",1945,"Physics","Nominee","Nominator",380,1881
"1031",1946,"Chemistry","Committee","Governing",1175,2740
"1032",1946,"Chemistry","Laureate","Governing",705,2740
"1033",1946,"Chemistry","Laureate","Nominee",60,2740
"1034",1946,"Chemistry","Nominator","Committee",160,2740
"1035",1946,"Chemistry","Nominee","Nominator",640,2740
"1036",1946,"Literature","Committee","Governing",65,802
"1037",1946,"Literature","Laureate","Governing",13,802
"1038",1946,"Literature","Laureate","Nominee",22,802
"1039",1946,"Literature","Nominator","Committee",130,802
"1040",1946,"Literature","Nominee","Nominator",572,802
"1041",1946,"Medicine","Committee","Governing",238,2766
"1042",1946,"Medicine","Laureate","Governing",34,2766
"1043",1946,"Medicine","Laureate","Nominee",34,2766
"1044",1946,"Medicine","Nominator","Committee",420,2766
"1045",1946,"Medicine","Nominee","Nominator",2040,2766
"1046",1946,"Peace","Committee","Governing",1106,2056
"1047",1946,"Peace","Laureate","Governing",316,2056
"1048",1946,"Peace","Laureate","Nominee",22,2056
"1049",1946,"Peace","Nominator","Committee",238,2056
"1050",1946,"Peace","Nominee","Nominator",374,2056
"1051",1946,"Physics","Committee","Governing",1175,2133
"1052",1946,"Physics","Laureate","Governing",235,2133
"1053",1946,"Physics","Laureate","Nominee",23,2133
"1054",1946,"Physics","Nominator","Committee",125,2133
"1055",1946,"Physics","Nominee","Nominator",575,2133
"1056",1947,"Chemistry","Committee","Governing",1215,2203
"1057",1947,"Chemistry","Laureate","Governing",243,2203
"1058",1947,"Chemistry","Laureate","Nominee",20,2203
"1059",1947,"Chemistry","Nominator","Committee",145,2203
"1060",1947,"Chemistry","Nominee","Nominator",580,2203
"1061",1947,"Literature","Committee","Governing",52,1660
"1062",1947,"Literature","Laureate","Governing",13,1660
"1063",1947,"Literature","Laureate","Nominee",35,1660
"1064",1947,"Literature","Nominator","Committee",160,1660
"1065",1947,"Literature","Nominee","Nominator",1400,1660
"1066",1947,"Medicine","Committee","Governing",252,4651
"1067",1947,"Medicine","Laureate","Governing",108,4651
"1068",1947,"Medicine","Laureate","Nominee",126,4651
"1069",1947,"Medicine","Nominator","Committee",595,4651
"1070",1947,"Medicine","Nominee","Nominator",3570,4651
"1071",1947,"Peace","Committee","Governing",948,2241
"1072",1947,"Peace","Laureate","Governing",474,2241
"1073",1947,"Peace","Laureate","Nominee",63,2241
"1074",1947,"Peace","Nominator","Committee",168,2241
"1075",1947,"Peace","Nominee","Nominator",588,2241
"1076",1947,"Physics","Committee","Governing",1458,2640
"1077",1947,"Physics","Laureate","Governing",243,2640
"1078",1947,"Physics","Laureate","Nominee",29,2640
"1079",1947,"Physics","Nominator","Committee",156,2640
"1080",1947,"Physics","Nominee","Nominator",754,2640
"1081",1948,"Chemistry","Committee","Governing",1265,4537
"1082",1948,"Chemistry","Laureate","Governing",253,4537
"1083",1948,"Chemistry","Laureate","Nominee",37,4537
"1084",1948,"Chemistry","Nominator","Committee",355,4537
"1085",1948,"Chemistry","Nominee","Nominator",2627,4537
"1086",1948,"Literature","Committee","Governing",52,1465
"1087",1948,"Literature","Laureate","Governing",13,1465
"1088",1948,"Literature","Laureate","Nominee",32,1465
"1089",1948,"Literature","Nominator","Committee",152,1465
"1090",1948,"Literature","Nominee","Nominator",1216,1465
"1091",1948,"Medicine","Committee","Governing",252,8421
"1092",1948,"Medicine","Laureate","Governing",36,8421
"1093",1948,"Medicine","Laureate","Nominee",48,8421
"1094",1948,"Medicine","Nominator","Committee",1029,8421
"1095",1948,"Medicine","Nominee","Nominator",7056,8421
"1096",1948,"Peace","Committee","Governing",820,3314
"1097",1948,"Peace","Nominator","Committee",430,3314
"1098",1948,"Peace","Nominee","Nominator",2064,3314
"1099",1948,"Physics","Committee","Governing",1265,2703
"1100",1948,"Physics","Laureate","Governing",253,2703
"1101",1948,"Physics","Laureate","Nominee",29,2703
"1102",1948,"Physics","Nominator","Committee",170,2703
"1103",1948,"Physics","Nominee","Nominator",986,2703
"1104",1949,"Chemistry","Committee","Governing",1265,3932
"1105",1949,"Chemistry","Laureate","Governing",253,3932
"1106",1949,"Chemistry","Laureate","Nominee",36,3932
"1107",1949,"Chemistry","Nominator","Committee",290,3932
"1108",1949,"Chemistry","Nominee","Nominator",2088,3932
"1109",1949,"Literature","Committee","Governing",52,1465
"1110",1949,"Literature","Laureate","Governing",13,1465
"1111",1949,"Literature","Laureate","Nominee",35,1465
"1112",1949,"Literature","Nominator","Committee",140,1465
"1113",1949,"Literature","Nominee","Nominator",1225,1465
"1114",1949,"Medicine","Committee","Governing",259,6682
"1115",1949,"Medicine","Laureate","Governing",74,6682
"1116",1949,"Medicine","Laureate","Nominee",112,6682
"1117",1949,"Medicine","Nominator","Committee",693,6682
"1118",1949,"Medicine","Nominee","Nominator",5544,6682
"1119",1949,"Peace","Committee","Governing",640,2545
"1120",1949,"Peace","Laureate","Governing",160,2545
"1121",1949,"Peace","Laureate","Nominee",29,2545
"1122",1949,"Peace","Nominator","Committee",208,2545
"1123",1949,"Peace","Nominee","Nominator",1508,2545
"1124",1949,"Physics","Committee","Governing",1265,3686
"1125",1949,"Physics","Laureate","Governing",253,3686
"1126",1949,"Physics","Laureate","Nominee",36,3686
"1127",1949,"Physics","Nominator","Committee",260,3686
"1128",1949,"Physics","Nominee","Nominator",1872,3686
"1129",1950,"Chemistry","Committee","Governing",1250,5827
"1130",1950,"Chemistry","Laureate","Governing",500,5827
"1131",1950,"Chemistry","Laureate","Nominee",112,5827
"1132",1950,"Chemistry","Nominator","Committee",325,5827
"1133",1950,"Chemistry","Nominee","Nominator",3640,5827
"1134",1950,"Literature","Committee","Governing",52,3599
"1135",1950,"Literature","Laureate","Governing",13,3599
"1136",1950,"Literature","Laureate","Nominee",54,3599
"1137",1950,"Literature","Nominator","Committee",240,3599
"1138",1950,"Literature","Nominee","Nominator",3240,3599
"1139",1950,"Medicine","Committee","Governing",259,10379
"1140",1950,"Medicine","Laureate","Governing",111,10379
"1141",1950,"Medicine","Laureate","Nominee",234,10379
"1142",1950,"Medicine","Nominator","Committee",805,10379
"1143",1950,"Medicine","Nominee","Nominator",8970,10379
"1144",1950,"Peace","Committee","Governing",1264,4348
"1145",1950,"Peace","Laureate","Governing",316,4348
"1146",1950,"Peace","Laureate","Nominee",32,4348
"1147",1950,"Peace","Nominator","Committee",304,4348
"1148",1950,"Peace","Nominee","Nominator",2432,4348
"1149",1950,"Physics","Committee","Governing",1250,2881
"1150",1950,"Physics","Laureate","Governing",250,2881
"1151",1950,"Physics","Laureate","Nominee",28,2881
"1152",1950,"Physics","Nominator","Committee",205,2881
"1153",1950,"Physics","Nominee","Nominator",1148,2881
"1154",1951,"Chemistry","Committee","Governing",1275,3455
"1155",1951,"Chemistry","Laureate","Governing",510,3455
"1156",1951,"Chemistry","Laureate","Nominee",50,3455
"1157",1951,"Chemistry","Nominator","Committee",270,3455
"1158",1951,"Chemistry","Nominee","Nominator",1350,3455
"1159",1951,"Literature","Committee","Governing",39,1858
"1160",1951,"Literature","Laureate","Governing",13,1858
"1161",1951,"Literature","Laureate","Nominee",24,1858
"1162",1951,"Literature","Nominator","Committee",198,1858
"1163",1951,"Literature","Nominee","Nominator",1584,1858
"1164",1951,"Medicine","Committee","Governing",280,10686
"1165",1951,"Medicine","Laureate","Governing",35,10686
"1166",1951,"Medicine","Laureate","Nominee",89,10686
"1167",1951,"Medicine","Nominator","Committee",848,10686
"1168",1951,"Medicine","Nominee","Nominator",9434,10686
"1169",1951,"Peace","Committee","Governing",644,4662
"1170",1951,"Peace","Laureate","Governing",161,4662
"1171",1951,"Peace","Laureate","Nominee",35,4662
"1172",1951,"Peace","Nominator","Committee",392,4662
"1173",1951,"Peace","Nominee","Nominator",3430,4662
"1174",1951,"Physics","Committee","Governing",1275,3815
"1175",1951,"Physics","Laureate","Governing",510,3815
"1176",1951,"Physics","Laureate","Nominee",70,3815
"1177",1951,"Physics","Nominator","Committee",245,3815
"1178",1951,"Physics","Nominee","Nominator",1715,3815
"1179",1952,"Chemistry","Committee","Governing",1290,4901
"1180",1952,"Chemistry","Laureate","Governing",516,4901
"1181",1952,"Chemistry","Laureate","Nominee",80,4901
"1182",1952,"Chemistry","Nominator","Committee",335,4901
"1183",1952,"Chemistry","Nominee","Nominator",2680,4901
"1184",1952,"Literature","Committee","Governing",39,2285
"1185",1952,"Literature","Laureate","Governing",13,2285
"1186",1952,"Literature","Laureate","Nominee",40,2285
"1187",1952,"Literature","Nominator","Committee",153,2285
"1188",1952,"Literature","Nominee","Nominator",2040,2285
"1189",1952,"Medicine","Committee","Governing",266,10187
"1190",1952,"Medicine","Laureate","Governing",38,10187
"1191",1952,"Medicine","Laureate","Nominee",79,10187
"1192",1952,"Medicine","Nominator","Committee",798,10187
"1193",1952,"Medicine","Nominee","Nominator",9006,10187
"1194",1952,"Peace","Committee","Governing",640,3456
"1195",1952,"Peace","Laureate","Governing",160,3456
"1196",1952,"Peace","Laureate","Nominee",31,3456
"1197",1952,"Peace","Nominator","Committee",300,3456
"1198",1952,"Peace","Nominee","Nominator",2325,3456
"1199",1952,"Physics","Committee","Governing",1290,3590
"1200",1952,"Physics","Laureate","Governing",516,3590
"1201",1952,"Physics","Laureate","Nominee",68,3590
"1202",1952,"Physics","Nominator","Committee",220,3590
"1203",1952,"Physics","Nominee","Nominator",1496,3590
"1204",1953,"Chemistry","Committee","Governing",1260,3367
"1205",1953,"Chemistry","Laureate","Governing",252,3367
"1206",1953,"Chemistry","Laureate","Nominee",25,3367
"1207",1953,"Chemistry","Nominator","Committee",305,3367
"1208",1953,"Chemistry","Nominee","Nominator",1525,3367
"1209",1953,"Literature","Committee","Governing",39,1209
"1210",1953,"Literature","Laureate","Governing",13,1209
"1211",1953,"Literature","Laureate","Nominee",26,1209
"1212",1953,"Literature","Nominator","Committee",117,1209
"1213",1953,"Literature","Nominee","Nominator",1014,1209
"1214",1953,"Medicine","Committee","Governing",296,18999
"1215",1953,"Medicine","Laureate","Governing",74,18999
"1216",1953,"Medicine","Laureate","Nominee",210,18999
"1217",1953,"Medicine","Nominator","Committee",1304,18999
"1218",1953,"Medicine","Nominee","Nominator",17115,18999
"1219",1953,"Peace","Committee","Governing",640,4954
"1220",1953,"Peace","Laureate","Governing",160,4954
"1221",1953,"Peace","Laureate","Nominee",38,4954
"1222",1953,"Peace","Nominator","Committee",392,4954
"1223",1953,"Peace","Nominee","Nominator",3724,4954
"1224",1953,"Physics","Committee","Governing",1260,3899
"1225",1953,"Physics","Laureate","Governing",252,3899
"1226",1953,"Physics","Laureate","Nominee",41,3899
"1227",1953,"Physics","Nominator","Committee",255,3899
"1228",1953,"Physics","Nominee","Nominator",2091,3899
"1229",1954,"Chemistry","Committee","Governing",1265,3785
"1230",1954,"Chemistry","Laureate","Governing",253,3785
"1231",1954,"Chemistry","Laureate","Nominee",27,3785
"1232",1954,"Chemistry","Nominator","Committee",350,3785
"1233",1954,"Chemistry","Nominee","Nominator",1890,3785
"1234",1954,"Literature","Committee","Governing",39,1129
"1235",1954,"Literature","Laureate","Governing",13,1129
"1236",1954,"Literature","Laureate","Nominee",27,1129
"1237",1954,"Literature","Nominator","Committee",105,1129
"1238",1954,"Literature","Nominee","Nominator",945,1129
"1239",1954,"Medicine","Committee","Governing",273,390
"1240",1954,"Medicine","Laureate","Governing",117,390
"1241",1954,"Peace","Committee","Governing",1260,3108
"1242",1954,"Peace","Laureate","Governing",315,3108
"1243",1954,"Peace","Laureate","Nominee",25,3108
"1244",1954,"Peace","Nominator","Committee",208,3108
"1245",1954,"Peace","Nominee","Nominator",1300,3108
"1246",1954,"Physics","Committee","Governing",1265,3961
"1247",1954,"Physics","Laureate","Governing",506,3961
"1248",1954,"Physics","Laureate","Nominee",70,3961
"1249",1954,"Physics","Nominator","Committee",265,3961
"1250",1954,"Physics","Nominee","Nominator",1855,3961
"1251",1955,"Chemistry","Committee","Governing",1265,4140
"1252",1955,"Chemistry","Laureate","Governing",253,4140
"1253",1955,"Chemistry","Laureate","Nominee",32,4140
"1254",1955,"Chemistry","Nominator","Committee",350,4140
"1255",1955,"Chemistry","Nominee","Nominator",2240,4140
"1256",1955,"Literature","Committee","Governing",39,2842
"1257",1955,"Literature","Laureate","Governing",13,2842
"1258",1955,"Literature","Laureate","Nominee",46,2842
"1259",1955,"Literature","Nominator","Committee",168,2842
"1260",1955,"Literature","Nominee","Nominator",2576,2842
"1261",1955,"Medicine","Committee","Governing",228,266
"1262",1955,"Medicine","Laureate","Governing",38,266
"1263",1955,"Peace","Committee","Governing",644,3186
"1264",1955,"Peace","Nominator","Committee",248,3186
"1265",1955,"Peace","Nominee","Nominator",2294,3186
"1266",1955,"Physics","Committee","Governing",1265,4461
"1267",1955,"Physics","Laureate","Governing",506,4461
"1268",1955,"Physics","Laureate","Nominee",80,4461
"1269",1955,"Physics","Nominator","Committee",290,4461
"1270",1955,"Physics","Nominee","Nominator",2320,4461
"1271",1956,"Chemistry","Committee","Governing",1295,5191
"1272",1956,"Chemistry","Laureate","Governing",518,5191
"1273",1956,"Chemistry","Laureate","Nominee",78,5191
"1274",1956,"Chemistry","Nominator","Committee",375,5191
"1275",1956,"Chemistry","Nominee","Nominator",2925,5191
"1276",1956,"Literature","Committee","Governing",39,8227
"1277",1956,"Literature","Laureate","Governing",13,8227
"1278",1956,"Literature","Laureate","Nominee",44,8227
"1279",1956,"Literature","Nominator","Committee",519,8227
"1280",1956,"Literature","Nominee","Nominator",7612,8227
"1281",1956,"Medicine","Committee","Governing",222,333
"1282",1956,"Medicine","Laureate","Governing",111,333
"1283",1956,"Peace","Committee","Governing",652,2156
"1284",1956,"Peace","Nominator","Committee",188,2156
"1285",1956,"Peace","Nominee","Nominator",1316,2156
"1286",1956,"Physics","Committee","Governing",1295,6332
"1287",1956,"Physics","Laureate","Governing",777,6332
"1288",1956,"Physics","Laureate","Nominee",156,6332
"1289",1956,"Physics","Nominator","Committee",360,6332
"1290",1956,"Physics","Nominee","Nominator",3744,6332
"1291",1957,"Chemistry","Committee","Governing",1290,6565
"1292",1957,"Chemistry","Laureate","Governing",258,6565
"1293",1957,"Chemistry","Laureate","Nominee",49,6565
"1294",1957,"Chemistry","Nominator","Committee",460,6565
"1295",1957,"Chemistry","Nominee","Nominator",4508,6565
"1296",1957,"Literature","Committee","Governing",39,3013
"1297",1957,"Literature","Laureate","Governing",13,3013
"1298",1957,"Literature","Laureate","Nominee",49,3013
"1299",1957,"Literature","Nominator","Committee",168,3013
"1300",1957,"Literature","Nominee","Nominator",2744,3013
"1301",1957,"Medicine","Committee","Governing",246,287
"1302",1957,"Medicine","Laureate","Governing",41,287
"1303",1957,"Peace","Committee","Governing",636,1893
"1304",1957,"Peace","Laureate","Governing",159,1893
"1305",1957,"Peace","Laureate","Nominee",25,1893
"1306",1957,"Peace","Nominator","Committee",148,1893
"1307",1957,"Peace","Nominee","Nominator",925,1893
"1308",1957,"Physics","Committee","Governing",1290,5950
"1309",1957,"Physics","Laureate","Governing",516,5950
"1310",1957,"Physics","Laureate","Nominee",114,5950
"1311",1957,"Physics","Nominator","Committee",325,5950
"1312",1957,"Physics","Nominee","Nominator",3705,5950
"1313",1958,"Chemistry","Committee","Governing",1290,5431
"1314",1958,"Chemistry","Laureate","Governing",258,5431
"1315",1958,"Chemistry","Laureate","Nominee",43,5431
"1316",1958,"Chemistry","Nominator","Committee",400,5431
"1317",1958,"Chemistry","Nominee","Nominator",3440,5431
"1318",1958,"Literature","Committee","Governing",39,3019
"1319",1958,"Literature","Laureate","Governing",13,3019
"1320",1958,"Literature","Laureate","Nominee",42,3019
"1321",1958,"Literature","Nominator","Committee",195,3019
"1322",1958,"Literature","Nominee","Nominator",2730,3019
"1323",1958,"Medicine","Committee","Governing",294,420
"1324",1958,"Medicine","Laureate","Governing",126,420
"1325",1958,"Peace","Committee","Governing",1272,3176
"1326",1958,"Peace","Laureate","Governing",318,3176
"1327",1958,"Peace","Laureate","Nominee",26,3176
"1328",1958,"Peace","Nominator","Committee",208,3176
"1329",1958,"Peace","Nominee","Nominator",1352,3176
"1330",1958,"Physics","Committee","Governing",1290,5017
"1331",1958,"Physics","Laureate","Governing",774,5017
"1332",1958,"Physics","Laureate","Nominee",153,5017
"1333",1958,"Physics","Nominator","Committee",250,5017
"1334",1958,"Physics","Nominee","Nominator",2550,5017
"1335",1959,"Chemistry","Committee","Governing",1280,4774
"1336",1959,"Chemistry","Laureate","Governing",256,4774
"1337",1959,"Chemistry","Laureate","Nominee",42,4774
"1338",1959,"Chemistry","Nominator","Committee",340,4774
"1339",1959,"Chemistry","Nominee","Nominator",2856,4774
"1340",1959,"Literature","Committee","Governing",52,5429
"1341",1959,"Literature","Laureate","Governing",13,5429
"1342",1959,"Literature","Laureate","Nominee",57,5429
"1343",1959,"Literature","Nominator","Committee",348,5429
"1344",1959,"Literature","Nominee","Nominator",4959,5429
"1345",1959,"Medicine","Committee","Governing",294,378
"1346",1959,"Medicine","Laureate","Governing",84,378
"1347",1959,"Peace","Committee","Governing",640,2344
"1348",1959,"Peace","Laureate","Governing",160,2344
"1349",1959,"Peace","Laureate","Nominee",32,2344
"1350",1959,"Peace","Nominator","Committee",168,2344
"1351",1959,"Peace","Nominee","Nominator",1344,2344
"1352",1959,"Physics","Committee","Governing",1280,5259
"1353",1959,"Physics","Laureate","Governing",512,5259
"1354",1959,"Physics","Laureate","Nominee",104,5259
"1355",1959,"Physics","Nominator","Committee",295,5259
"1356",1959,"Physics","Nominee","Nominator",3068,5259
"1357",1960,"Chemistry","Committee","Governing",1295,6529
"1358",1960,"Chemistry","Laureate","Governing",259,6529
"1359",1960,"Chemistry","Laureate","Nominee",55,6529
"1360",1960,"Chemistry","Nominator","Committee",410,6529
"1361",1960,"Chemistry","Nominee","Nominator",4510,6529
"1362",1960,"Literature","Committee","Governing",65,4168
"1363",1960,"Literature","Laureate","Governing",13,4168
"1364",1960,"Literature","Laureate","Nominee",58,4168
"1365",1960,"Literature","Nominator","Committee",320,4168
"1366",1960,"Literature","Nominee","Nominator",3712,4168
"1367",1960,"Medicine","Committee","Governing",282,376
"1368",1960,"Medicine","Laureate","Governing",94,376
"1369",1960,"Peace","Committee","Governing",628,3231
"1370",1960,"Peace","Laureate","Governing",157,3231
"1371",1960,"Peace","Laureate","Nominee",31,3231
"1372",1960,"Peace","Nominator","Committee",276,3231
"1373",1960,"Peace","Nominee","Nominator",2139,3231
"1374",1960,"Physics","Committee","Governing",1295,5842
"1375",1960,"Physics","Laureate","Governing",259,5842
"1376",1960,"Physics","Laureate","Nominee",48,5842
"1377",1960,"Physics","Nominator","Committee",400,5842
"1378",1960,"Physics","Nominee","Nominator",3840,5842
"1379",1961,"Chemistry","Committee","Governing",1255,5293
"1380",1961,"Chemistry","Laureate","Governing",251,5293
"1381",1961,"Chemistry","Laureate","Nominee",43,5293
"1382",1961,"Chemistry","Nominator","Committee",390,5293
"1383",1961,"Chemistry","Nominee","Nominator",3354,5293
"1384",1961,"Literature","Committee","Governing",65,5136
"1385",1961,"Literature","Laureate","Governing",13,5136
"1386",1961,"Literature","Laureate","Nominee",56,5136
"1387",1961,"Literature","Nominator","Committee",410,5136
"1388",1961,"Literature","Nominee","Nominator",4592,5136
"1389",1961,"Medicine","Committee","Governing",235,282
"1390",1961,"Medicine","Laureate","Governing",47,282
"1391",1961,"Peace","Committee","Governing",1240,7572
"1392",1961,"Peace","Laureate","Governing",310,7572
"1393",1961,"Peace","Laureate","Nominee",42,7572
"1394",1961,"Peace","Nominator","Committee",520,7572
"1395",1961,"Peace","Nominee","Nominator",5460,7572
"1396",1961,"Physics","Committee","Governing",1255,4659
"1397",1961,"Physics","Laureate","Governing",502,4659
"1398",1961,"Physics","Laureate","Nominee",94,4659
"1399",1961,"Physics","Nominator","Committee",270,4659
"1400",1961,"Physics","Nominee","Nominator",2538,4659
"1401",1962,"Chemistry","Committee","Governing",1260,5324
"1402",1962,"Chemistry","Laureate","Governing",504,5324
"1403",1962,"Chemistry","Laureate","Nominee",92,5324
"1404",1962,"Chemistry","Nominator","Committee",340,5324
"1405",1962,"Chemistry","Nominee","Nominator",3128,5324
"1406",1962,"Literature","Committee","Governing",52,5381
"1407",1962,"Literature","Laureate","Governing",13,5381
"1408",1962,"Literature","Laureate","Nominee",66,5381
"1409",1962,"Literature","Nominator","Committee",300,5381
"1410",1962,"Literature","Nominee","Nominator",4950,5381
"1411",1962,"Medicine","Committee","Governing",250,400
"1412",1962,"Medicine","Laureate","Governing",150,400
"1413",1962,"Peace","Committee","Governing",620,4125
"1414",1962,"Peace","Laureate","Governing",155,4125
"1415",1962,"Peace","Laureate","Nominee",39,4125
"1416",1962,"Peace","Nominator","Committee",308,4125
"1417",1962,"Peace","Nominee","Nominator",3003,4125
"1418",1962,"Physics","Committee","Governing",1008,5016
"1419",1962,"Physics","Laureate","Governing",252,5016
"1420",1962,"Physics","Laureate","Nominee",43,5016
"1421",1962,"Physics","Nominator","Committee",316,5016
"1422",1962,"Physics","Nominee","Nominator",3397,5016
"1423",1963,"Chemistry","Committee","Governing",1250,6668
"1424",1963,"Chemistry","Laureate","Governing",500,6668
"1425",1963,"Chemistry","Laureate","Nominee",102,6668
"1426",1963,"Chemistry","Nominator","Committee",430,6668
"1427",1963,"Chemistry","Nominee","Nominator",4386,6668
"1428",1963,"Literature","Committee","Governing",65,9447
"1429",1963,"Literature","Laureate","Governing",13,9447
"1430",1963,"Literature","Laureate","Nominee",81,9447
"1431",1963,"Literature","Nominator","Committee",540,9447
"1432",1963,"Literature","Nominee","Nominator",8748,9447
"1433",1963,"Medicine","Committee","Governing",255,408
"1434",1963,"Medicine","Laureate","Governing",153,408
"1435",1963,"Peace","Committee","Governing",672,13044
"1436",1963,"Peace","Laureate","Governing",504,13044
"1437",1963,"Peace","Laureate","Nominee",153,13044
"1438",1963,"Peace","Nominator","Committee",852,13044
"1439",1963,"Peace","Nominee","Nominator",10863,13044
"1440",1963,"Physics","Committee","Governing",1250,6845
"1441",1963,"Physics","Laureate","Governing",750,6845
"1442",1963,"Physics","Laureate","Nominee",165,6845
"1443",1963,"Physics","Nominator","Committee",390,6845
"1444",1963,"Physics","Nominee","Nominator",4290,6845
"1445",1964,"Chemistry","Committee","Governing",1285,7537
"1446",1964,"Chemistry","Laureate","Governing",257,7537
"1447",1964,"Chemistry","Laureate","Nominee",55,7537
"1448",1964,"Chemistry","Nominator","Committee",495,7537
"1449",1964,"Chemistry","Nominee","Nominator",5445,7537
"1450",1964,"Literature","Committee","Governing",65,7282
"1451",1964,"Literature","Laureate","Governing",13,7282
"1452",1964,"Literature","Laureate","Nominee",76,7282
"1453",1964,"Literature","Nominator","Committee",440,7282
"1454",1964,"Literature","Nominee","Nominator",6688,7282
"1455",1964,"Medicine","Committee","Governing",255,357
"1456",1964,"Medicine","Laureate","Governing",102,357
"1457",1964,"Peace","Committee","Governing",780,5488
"1458",1964,"Peace","Laureate","Governing",156,5488
"1459",1964,"Peace","Laureate","Nominee",44,5488
"1460",1964,"Peace","Nominator","Committee",460,5488
"1461",1964,"Peace","Nominee","Nominator",4048,5488
"1462",1964,"Physics","Committee","Governing",1285,7193
"1463",1964,"Physics","Laureate","Governing",771,7193
"1464",1964,"Physics","Laureate","Nominee",153,7193
"1465",1964,"Physics","Nominator","Committee",445,7193
"1466",1964,"Physics","Nominee","Nominator",4539,7193
"1467",1965,"Chemistry","Committee","Governing",1280,9531
"1468",1965,"Chemistry","Laureate","Governing",256,9531
"1469",1965,"Chemistry","Laureate","Nominee",75,9531
"1470",1965,"Chemistry","Nominator","Committee",495,9531
"1471",1965,"Chemistry","Nominee","Nominator",7425,9531
"1472",1965,"Literature","Committee","Governing",65,11165
"1473",1965,"Literature","Laureate","Governing",13,11165
"1474",1965,"Literature","Laureate","Nominee",89,11165
"1475",1965,"Literature","Nominator","Committee",585,11165
"1476",1965,"Literature","Nominee","Nominator",10413,11165
"1477",1965,"Medicine","Committee","Governing",240,384
"1478",1965,"Medicine","Laureate","Governing",144,384
"1479",1965,"Peace","Committee","Governing",1890,5048
"1480",1965,"Peace","Laureate","Governing",315,5048
"1481",1965,"Peace","Laureate","Nominee",31,5048
"1482",1965,"Peace","Nominator","Committee",456,5048
"1483",1965,"Peace","Nominee","Nominator",2356,5048
"1484",1965,"Physics","Committee","Governing",1280,9425
"1485",1965,"Physics","Laureate","Governing",768,9425
"1486",1965,"Physics","Laureate","Nominee",183,9425
"1487",1965,"Physics","Nominator","Committee",545,9425
"1488",1965,"Physics","Nominee","Nominator",6649,9425
"1489",1966,"Chemistry","Committee","Governing",1275,10457
"1490",1966,"Chemistry","Laureate","Governing",255,10457
"1491",1966,"Chemistry","Laureate","Nominee",72,10457
"1492",1966,"Chemistry","Nominator","Committee",575,10457
"1493",1966,"Chemistry","Nominee","Nominator",8280,10457
"1494",1966,"Literature","Committee","Governing",65,7165
"1495",1966,"Literature","Laureate","Governing",26,7165
"1496",1966,"Literature","Laureate","Nominee",144,7165
"1497",1966,"Literature","Nominator","Committee",450,7165
"1498",1966,"Literature","Nominee","Nominator",6480,7165
"1499",1966,"Medicine","Committee","Governing",250,350
"1500",1966,"Medicine","Laureate","Governing",100,350
"1501",1966,"Peace","Committee","Governing",790,2918
"1502",1966,"Peace","Nominator","Committee",280,2918
"1503",1966,"Peace","Nominee","Nominator",1848,2918
"1504",1966,"Physics","Committee","Governing",1275,10265
"1505",1966,"Physics","Laureate","Governing",255,10265
"1506",1966,"Physics","Laureate","Nominee",71,10265
"1507",1966,"Physics","Nominator","Committee",570,10265
"1508",1966,"Physics","Nominee","Nominator",8094,10265
"1509",1967,"Chemistry","Committee","Governing",1325,12155
"1510",1967,"Chemistry","Laureate","Governing",795,12155
"1511",1967,"Chemistry","Laureate","Nominee",210,12155
"1512",1967,"Chemistry","Nominator","Committee",655,12155
"1513",1967,"Chemistry","Nominee","Nominator",9170,12155
"1514",1967,"Literature","Committee","Governing",65,7648
"1515",1967,"Literature","Laureate","Governing",13,7648
"1516",1967,"Literature","Laureate","Nominee",70,7648
"1517",1967,"Literature","Nominator","Committee",500,7648
"1518",1967,"Literature","Nominee","Nominator",7000,7648
"1519",1967,"Medicine","Committee","Governing",212,371
"1520",1967,"Medicine","Laureate","Governing",159,371
"1521",1967,"Peace","Committee","Governing",800,5714
"1522",1967,"Peace","Nominator","Committee",455,5714
"1523",1967,"Peace","Nominee","Nominator",4459,5714
"1524",1967,"Physics","Committee","Governing",1325,11938
"1525",1967,"Physics","Laureate","Governing",265,11938
"1526",1967,"Physics","Laureate","Nominee",82,11938
"1527",1967,"Physics","Nominator","Committee",590,11938
"1528",1967,"Physics","Nominee","Nominator",9676,11938
"1529",1968,"Chemistry","Committee","Governing",1400,13594
"1530",1968,"Chemistry","Laureate","Governing",280,13594
"1531",1968,"Chemistry","Laureate","Nominee",82,13594
"1532",1968,"Chemistry","Nominator","Committee",680,13594
"1533",1968,"Chemistry","Nominee","Nominator",11152,13594
"1534",1968,"Literature","Committee","Governing",78,3892
"1535",1968,"Literature","Laureate","Governing",13,3892
"1536",1968,"Literature","Laureate","Nominee",41,3892
"1537",1968,"Literature","Nominator","Committee",480,3892
"1538",1968,"Literature","Nominee","Nominator",3280,3892
"1539",1968,"Medicine","Committee","Governing",216,378
"1540",1968,"Medicine","Laureate","Governing",162,378
"1541",1968,"Peace","Committee","Governing",795,954
"1542",1968,"Peace","Laureate","Governing",159,954
"1543",1968,"Physics","Committee","Governing",1400,11783
"1544",1968,"Physics","Laureate","Governing",280,11783
"1545",1968,"Physics","Laureate","Nominee",71,11783
"1546",1968,"Physics","Nominator","Committee",660,11783
"1547",1968,"Physics","Nominee","Nominator",9372,11783
"1548",1969,"Chemistry","Committee","Governing",1410,19639
"1549",1969,"Chemistry","Laureate","Governing",564,19639
"1550",1969,"Chemistry","Laureate","Nominee",192,19639
"1551",1969,"Chemistry","Nominator","Committee",865,19639
"1552",1969,"Chemistry","Nominee","Nominator",16608,19639
"1553",1969,"Literature","Committee","Governing",78,19335
"1554",1969,"Literature","Laureate","Governing",13,19335
"1555",1969,"Literature","Laureate","Nominee",104,19335
"1556",1969,"Literature","Nominator","Committee",1044,19335
"1557",1969,"Literature","Nominee","Nominator",18096,19335
"1558",1969,"Medicine","Committee","Governing",110,275
"1559",1969,"Medicine","Laureate","Governing",165,275
"1560",1969,"Peace","Committee","Governing",1570,1884
"1561",1969,"Peace","Laureate","Governing",314,1884
"1562",1969,"Physics","Committee","Governing",1410,13587
"1563",1969,"Physics","Laureate","Governing",282,13587
"1564",1969,"Physics","Laureate","Nominee",80,13587
"1565",1969,"Physics","Nominator","Committee",695,13587
"1566",1969,"Physics","Nominee","Nominator",11120,13587
"1567",1970,"Chemistry","Committee","Governing",1395,12019
"1568",1970,"Chemistry","Laureate","Governing",279,12019
"1569",1970,"Chemistry","Laureate","Nominee",85,12019
"1570",1970,"Chemistry","Nominator","Committee",570,12019
"1571",1970,"Chemistry","Nominee","Nominator",9690,12019
"1572",1970,"Literature","Committee","Governing",78,9713
"1573",1970,"Literature","Laureate","Governing",13,9713
"1574",1970,"Literature","Laureate","Nominee",77,9713
"1575",1970,"Literature","Nominator","Committee",690,9713
"1576",1970,"Literature","Nominee","Nominator",8855,9713
"1577",1970,"Medicine","Committee","Governing",104,260
"1578",1970,"Medicine","Laureate","Governing",156,260
"1579",1970,"Peace","Committee","Governing",780,936
"1580",1970,"Peace","Laureate","Governing",156,936
"1581",1970,"Physics","Committee","Governing",1395,12993
"1582",1970,"Physics","Laureate","Governing",558,12993
"1583",1970,"Physics","Laureate","Nominee",160,12993
"1584",1970,"Physics","Nominator","Committee",640,12993
"1585",1970,"Physics","Nominee","Nominator",10240,12993
"1586",1971,"Literature","Committee","Governing",78,10755
"1587",1971,"Literature","Laureate","Governing",13,10755
"1588",1971,"Literature","Laureate","Nominee",91,10755
"1589",1971,"Literature","Nominator","Committee",654,10755
"1590",1971,"Literature","Nominee","Nominator",9919,10755
"1591",1971,"Peace","Committee","Governing",770,924
"1592",1971,"Peace","Laureate","Governing",154,924
"1593",1972,"Literature","Committee","Governing",78,91
"1594",1972,"Literature","Laureate","Governing",13,91
"1595",1972,"Peace","Committee","Governing",750,750
"1596",1973,"Literature","Committee","Governing",65,78
"1597",1973,"Literature","Laureate","Governing",13,78
"1598",1973,"Peace","Committee","Governing",560,840
"1599",1973,"Peace","Laureate","Governing",280,840
"1600",1974,"Literature","Committee","Governing",65,91
"1601",1974,"Literature","Laureate","Governing",26,91
"1602",1975,"Literature","Committee","Governing",65,78
"1603",1975,"Literature","Laureate","Governing",13,78
"1604",1976,"Literature","Committee","Governing",65,78
"1605",1976,"Literature","Laureate","Governing",13,78
"1606",1977,"Literature","Committee","Governing",65,78
"1607",1977,"Literature","Laureate","Governing",13,78
"1608",1978,"Literature","Committee","Governing",65,78
"1609",1978,"Literature","Laureate","Governing",13,78
"1610",1979,"Literature","Committee","Governing",78,91
"1611",1979,"Literature","Laureate","Governing",13,91
"1612",1980,"Literature","Committee","Governing",78,91
"1613",1980,"Literature","Laureate","Governing",13,91
"1614",1981,"Literature","Committee","Governing",78,91
"1615",1981,"Literature","Laureate","Governing",13,91
"1616",1982,"Literature","Committee","Governing",65,78
"1617",1982,"Literature","Laureate","Governing",13,78
"1618",1983,"Literature","Committee","Governing",65,78
"1619",1983,"Literature","Laureate","Governing",13,78
"1620",1984,"Literature","Committee","Governing",65,78
"1621",1984,"Literature","Laureate","Governing",13,78
"1622",1985,"Literature","Committee","Governing",65,78
"1623",1985,"Literature","Laureate","Governing",13,78
"1624",1986,"Literature","Committee","Governing",65,78
"1625",1986,"Literature","Laureate","Governing",13,78
"1626",1987,"Literature","Committee","Governing",65,78
"1627",1987,"Literature","Laureate","Governing",13,78
"1628",1988,"Literature","Committee","Governing",26,39
"1629",1988,"Literature","Laureate","Governing",13,39
"1630",1989,"Literature","Committee","Governing",26,39
"1631",1989,"Literature","Laureate","Governing",13,39
"1632",1990,"Literature","Committee","Governing",26,39
"1633",1990,"Literature","Laureate","Governing",13,39
"1634",1991,"Literature","Committee","Governing",13,26
"1635",1991,"Literature","Laureate","Governing",13,26
"1636",1992,"Literature","Committee","Governing",13,26
"1637",1992,"Literature","Laureate","Governing",13,26
"1638",1993,"Literature","Committee","Governing",13,26
"1639",1993,"Literature","Laureate","Governing",13,26
"1640",1994,"Literature","Committee","Governing",13,26
"1641",1994,"Literature","Laureate","Governing",13,26
"1642",1995,"Literature","Committee","Governing",13,26
"1643",1995,"Literature","Laureate","Governing",13,26
"1644",1996,"Literature","Committee","Governing",13,26
"1645",1996,"Literature","Laureate","Governing",13,26
"1646",1997,"Literature","Committee","Governing",13,26
"1647",1997,"Literature","Laureate","Governing",13,26
"1648",1998,"Literature","Committee","Governing",13,26
"1649",1998,"Literature","Laureate","Governing",13,26
"1650",1999,"Literature","Committee","Governing",13,26
"1651",1999,"Literature","Laureate","Governing",13,26
"1652",2000,"Literature","Laureate","Governing",13,13
"1653",2001,"Literature","Laureate","Governing",13,13
"1654",2002,"Literature","Committee","Governing",13,26
"1655",2002,"Literature","Laureate","Governing",13,26
"1656",2003,"Literature","Committee","Governing",13,26
"1657",2003,"Literature","Laureate","Governing",13,26
"1658",2004,"Literature","Committee","Governing",13,26
"1659",2004,"Literature","Laureate","Governing",13,26
"1660",2005,"Literature","Committee","Governing",13,26
"1661",2005,"Literature","Laureate","Governing",13,26
"1662",2006,"Literature","Committee","Governing",13,26
"1663",2006,"Literature","Laureate","Governing",13,26
"1664",2007,"Literature","Committee","Governing",13,26
"1665",2007,"Literature","Laureate","Governing",13,26
"1666",2008,"Literature","Committee","Governing",26,39
"1667",2008,"Literature","Laureate","Governing",13,39
"1668",2009,"Literature","Committee","Governing",39,52
"1669",2009,"Literature","Laureate","Governing",13,52
"1670",2010,"Literature","Committee","Governing",39,52
"1671",2010,"Literature","Laureate","Governing",13,52
"1672",2011,"Literature","Committee","Governing",39,52
"1673",2011,"Literature","Laureate","Governing",13,52
"1674",2012,"Literature","Committee","Governing",39,52
"1675",2012,"Literature","Laureate","Governing",13,52
"1676",2013,"Literature","Committee","Governing",39,52
"1677",2013,"Literature","Laureate","Governing",13,52
"1678",2014,"Literature","Committee","Governing",39,52
"1679",2014,"Literature","Laureate","Governing",13,52
"1680",2015,"Literature","Committee","Governing",52,65
"1681",2015,"Literature","Laureate","Governing",13,65
"1682",2016,"Literature","Committee","Governing",39,52
"1683",2016,"Literature","Laureate","Governing",13,52
"1684",2017,"Literature","Committee","Governing",39,52
"1685",2017,"Literature","Laureate","Governing",13,52
"1686",2018,"Literature","Committee","Governing",52,65
"1687",2018,"Literature","Laureate","Governing",13,65
"1688",2019,"Literature","Committee","Governing",39,52
"1689",2019,"Literature","Laureate","Governing",13,52
"1690",2020,"Literature","Committee","Governing",26,39
"1691",2020,"Literature","Laureate","Governing",13,39
"1692",2021,"Literature","Laureate","Governing",13,13
"1693",2022,"Literature","Laureate","Governing",13,13
